GEO.id,GEO.id2,GEO.display-label,HD01_VD01,HD02_VD01
Id,Id2,Geography,Estimate; Per capita income in the past 12 months (in 2016 inflation-adjusted dollars),Margin of Error; Per capita income in the past 12 months (in 2016 inflation-adjusted dollars)
8600000US73430,73430,ZCTA5 73430,23152,4018
8600000US73931,73931,ZCTA5 73931,26587,3781
8600000US73949,73949,ZCTA5 73949,24939,3668
8600000US75001,75001,ZCTA5 75001,47661,2867
8600000US75002,75002,ZCTA5 75002,38383,1865
8600000US75006,75006,ZCTA5 75006,27672,1141
8600000US75007,75007,ZCTA5 75007,35240,1178
8600000US75009,75009,ZCTA5 75009,37022,4062
8600000US75010,75010,ZCTA5 75010,40000,2907
8600000US75013,75013,ZCTA5 75013,49796,2967
8600000US75019,75019,ZCTA5 75019,52500,1846
8600000US75020,75020,ZCTA5 75020,24884,1680
8600000US75021,75021,ZCTA5 75021,22716,2081
8600000US75022,75022,ZCTA5 75022,56578,3325
8600000US75023,75023,ZCTA5 75023,36223,1510
8600000US75024,75024,ZCTA5 75024,50453,1823
8600000US75025,75025,ZCTA5 75025,48410,2605
8600000US75028,75028,ZCTA5 75028,43521,1360
8600000US75032,75032,ZCTA5 75032,42324,2126
8600000US75034,75034,ZCTA5 75034,48798,1408
8600000US75035,75035,ZCTA5 75035,42991,1322
8600000US75038,75038,ZCTA5 75038,28204,1634
8600000US75039,75039,ZCTA5 75039,56759,3621
8600000US75040,75040,ZCTA5 75040,20772,690
8600000US75041,75041,ZCTA5 75041,16530,1253
8600000US75042,75042,ZCTA5 75042,16117,850
8600000US75043,75043,ZCTA5 75043,24619,899
8600000US75044,75044,ZCTA5 75044,29634,1466
8600000US75048,75048,ZCTA5 75048,32290,2057
8600000US75050,75050,ZCTA5 75050,21552,970
8600000US75051,75051,ZCTA5 75051,15981,787
8600000US75052,75052,ZCTA5 75052,26897,965
8600000US75054,75054,ZCTA5 75054,38402,3338
8600000US75056,75056,ZCTA5 75056,41233,2462
8600000US75057,75057,ZCTA5 75057,21765,1363
8600000US75058,75058,ZCTA5 75058,32743,5431
8600000US75060,75060,ZCTA5 75060,18402,702
8600000US75061,75061,ZCTA5 75061,18343,653
8600000US75062,75062,ZCTA5 75062,23381,1282
8600000US75063,75063,ZCTA5 75063,46445,2208
8600000US75065,75065,ZCTA5 75065,31818,2287
8600000US75067,75067,ZCTA5 75067,27528,808
8600000US75068,75068,ZCTA5 75068,32877,1263
8600000US75069,75069,ZCTA5 75069,29803,2383
8600000US75070,75070,ZCTA5 75070,39313,1098
8600000US75071,75071,ZCTA5 75071,35148,1499
8600000US75074,75074,ZCTA5 75074,25965,1150
8600000US75075,75075,ZCTA5 75075,35996,1718
8600000US75076,75076,ZCTA5 75076,34040,4820
8600000US75077,75077,ZCTA5 75077,44431,1914
8600000US75078,75078,ZCTA5 75078,45269,2636
8600000US75080,75080,ZCTA5 75080,34078,1572
8600000US75081,75081,ZCTA5 75081,32438,1583
8600000US75082,75082,ZCTA5 75082,51207,2707
8600000US75087,75087,ZCTA5 75087,38808,2618
8600000US75088,75088,ZCTA5 75088,34160,1837
8600000US75089,75089,ZCTA5 75089,32767,2230
8600000US75090,75090,ZCTA5 75090,17277,1014
8600000US75092,75092,ZCTA5 75092,30056,1953
8600000US75093,75093,ZCTA5 75093,63809,2977
8600000US75094,75094,ZCTA5 75094,38613,2527
8600000US75098,75098,ZCTA5 75098,29927,1431
8600000US75101,75101,ZCTA5 75101,14951,3045
8600000US75102,75102,ZCTA5 75102,19682,4039
8600000US75103,75103,ZCTA5 75103,25631,2576
8600000US75104,75104,ZCTA5 75104,26886,1128
8600000US75105,75105,ZCTA5 75105,22582,4697
8600000US75109,75109,ZCTA5 75109,27627,2745
8600000US75110,75110,ZCTA5 75110,20527,1444
8600000US75114,75114,ZCTA5 75114,24486,2892
8600000US75115,75115,ZCTA5 75115,29166,1485
8600000US75116,75116,ZCTA5 75116,19906,1292
8600000US75117,75117,ZCTA5 75117,25431,5271
8600000US75119,75119,ZCTA5 75119,21560,1288
8600000US75124,75124,ZCTA5 75124,24321,2588
8600000US75125,75125,ZCTA5 75125,19456,2763
8600000US75126,75126,ZCTA5 75126,29377,1077
8600000US75127,75127,ZCTA5 75127,17765,2571
8600000US75132,75132,ZCTA5 75132,24512,9662
8600000US75134,75134,ZCTA5 75134,19118,1217
8600000US75135,75135,ZCTA5 75135,24046,2523
8600000US75137,75137,ZCTA5 75137,25729,1183
8600000US75140,75140,ZCTA5 75140,19808,1887
8600000US75141,75141,ZCTA5 75141,13164,1641
8600000US75142,75142,ZCTA5 75142,22880,1241
8600000US75143,75143,ZCTA5 75143,21899,1863
8600000US75144,75144,ZCTA5 75144,23830,3299
8600000US75146,75146,ZCTA5 75146,24419,2767
8600000US75147,75147,ZCTA5 75147,21844,3584
8600000US75148,75148,ZCTA5 75148,17076,1754
8600000US75149,75149,ZCTA5 75149,19526,988
8600000US75150,75150,ZCTA5 75150,22221,953
8600000US75152,75152,ZCTA5 75152,19352,2565
8600000US75153,75153,ZCTA5 75153,19390,8881
8600000US75154,75154,ZCTA5 75154,26871,1294
8600000US75155,75155,ZCTA5 75155,17266,2274
8600000US75156,75156,ZCTA5 75156,24352,2463
8600000US75157,75157,ZCTA5 75157,18295,6592
8600000US75158,75158,ZCTA5 75158,25208,3081
8600000US75159,75159,ZCTA5 75159,19065,1270
8600000US75160,75160,ZCTA5 75160,24378,3044
8600000US75161,75161,ZCTA5 75161,20069,2047
8600000US75163,75163,ZCTA5 75163,35685,12448
8600000US75164,75164,ZCTA5 75164,26547,5123
8600000US75165,75165,ZCTA5 75165,26992,1252
8600000US75166,75166,ZCTA5 75166,32828,4214
8600000US75167,75167,ZCTA5 75167,30737,2869
8600000US75169,75169,ZCTA5 75169,26324,2936
8600000US75172,75172,ZCTA5 75172,13631,1859
8600000US75173,75173,ZCTA5 75173,27095,2848
8600000US75180,75180,ZCTA5 75180,13633,825
8600000US75181,75181,ZCTA5 75181,24905,1537
8600000US75182,75182,ZCTA5 75182,45118,6702
8600000US75189,75189,ZCTA5 75189,27997,1750
8600000US75201,75201,ZCTA5 75201,77758,8994
8600000US75202,75202,ZCTA5 75202,70445,14328
8600000US75203,75203,ZCTA5 75203,16910,1376
8600000US75204,75204,ZCTA5 75204,54751,2678
8600000US75205,75205,ZCTA5 75205,90836,6318
8600000US75206,75206,ZCTA5 75206,46471,2184
8600000US75207,75207,ZCTA5 75207,25004,3399
8600000US75208,75208,ZCTA5 75208,27528,1847
8600000US75209,75209,ZCTA5 75209,72298,7558
8600000US75210,75210,ZCTA5 75210,10514,1094
8600000US75211,75211,ZCTA5 75211,14261,721
8600000US75212,75212,ZCTA5 75212,12696,1133
8600000US75214,75214,ZCTA5 75214,60260,2924
8600000US75215,75215,ZCTA5 75215,15800,1429
8600000US75216,75216,ZCTA5 75216,12040,691
8600000US75217,75217,ZCTA5 75217,12445,557
8600000US75218,75218,ZCTA5 75218,48304,4718
8600000US75219,75219,ZCTA5 75219,69254,7320
8600000US75220,75220,ZCTA5 75220,27996,2072
8600000US75223,75223,ZCTA5 75223,19873,2119
8600000US75224,75224,ZCTA5 75224,16385,1141
8600000US75225,75225,ZCTA5 75225,111440,9178
8600000US75226,75226,ZCTA5 75226,27850,4505
8600000US75227,75227,ZCTA5 75227,14020,638
8600000US75228,75228,ZCTA5 75228,18172,692
8600000US75229,75229,ZCTA5 75229,48179,2347
8600000US75230,75230,ZCTA5 75230,71444,3554
8600000US75231,75231,ZCTA5 75231,24600,1465
8600000US75232,75232,ZCTA5 75232,18574,2033
8600000US75233,75233,ZCTA5 75233,16825,1570
8600000US75234,75234,ZCTA5 75234,28597,1835
8600000US75235,75235,ZCTA5 75235,22422,1939
8600000US75236,75236,ZCTA5 75236,19018,1719
8600000US75237,75237,ZCTA5 75237,14183,766
8600000US75238,75238,ZCTA5 75238,35289,2062
8600000US75240,75240,ZCTA5 75240,23491,1562
8600000US75241,75241,ZCTA5 75241,17490,2370
8600000US75243,75243,ZCTA5 75243,24137,1152
8600000US75244,75244,ZCTA5 75244,52284,3741
8600000US75246,75246,ZCTA5 75246,29127,9467
8600000US75247,75247,ZCTA5 75247,11066,4357
8600000US75248,75248,ZCTA5 75248,50689,3223
8600000US75249,75249,ZCTA5 75249,20652,1527
8600000US75251,75251,ZCTA5 75251,45816,11949
8600000US75252,75252,ZCTA5 75252,45899,2598
8600000US75253,75253,ZCTA5 75253,14188,1131
8600000US75254,75254,ZCTA5 75254,36397,2608
8600000US75270,75270,ZCTA5 75270,-,**
8600000US75287,75287,ZCTA5 75287,36765,1550
8600000US75390,75390,ZCTA5 75390,-,**
8600000US75401,75401,ZCTA5 75401,17097,1363
8600000US75402,75402,ZCTA5 75402,27789,2018
8600000US75407,75407,ZCTA5 75407,24259,2300
8600000US75409,75409,ZCTA5 75409,28248,2520
8600000US75410,75410,ZCTA5 75410,24892,5754
8600000US75411,75411,ZCTA5 75411,27653,5913
8600000US75412,75412,ZCTA5 75412,23254,3917
8600000US75413,75413,ZCTA5 75413,21224,3746
8600000US75414,75414,ZCTA5 75414,28367,3487
8600000US75415,75415,ZCTA5 75415,21797,12566
8600000US75416,75416,ZCTA5 75416,22409,3418
8600000US75417,75417,ZCTA5 75417,21629,3801
8600000US75418,75418,ZCTA5 75418,19548,1472
8600000US75420,75420,ZCTA5 75420,28303,3701
8600000US75421,75421,ZCTA5 75421,20412,6827
8600000US75422,75422,ZCTA5 75422,26631,5978
8600000US75423,75423,ZCTA5 75423,27907,4162
8600000US75424,75424,ZCTA5 75424,23828,3101
8600000US75426,75426,ZCTA5 75426,19125,3201
8600000US75428,75428,ZCTA5 75428,16253,1819
8600000US75431,75431,ZCTA5 75431,19257,3612
8600000US75432,75432,ZCTA5 75432,18835,1958
8600000US75433,75433,ZCTA5 75433,25644,2713
8600000US75435,75435,ZCTA5 75435,17133,2127
8600000US75436,75436,ZCTA5 75436,19601,2303
8600000US75437,75437,ZCTA5 75437,23954,2434
8600000US75438,75438,ZCTA5 75438,28590,2841
8600000US75439,75439,ZCTA5 75439,21327,4338
8600000US75440,75440,ZCTA5 75440,23649,1770
8600000US75441,75441,ZCTA5 75441,25241,8627
8600000US75442,75442,ZCTA5 75442,27028,2986
8600000US75446,75446,ZCTA5 75446,21094,2783
8600000US75447,75447,ZCTA5 75447,22474,4227
8600000US75448,75448,ZCTA5 75448,23321,4628
8600000US75449,75449,ZCTA5 75449,18529,2841
8600000US75450,75450,ZCTA5 75450,21457,8744
8600000US75451,75451,ZCTA5 75451,21193,5232
8600000US75452,75452,ZCTA5 75452,22617,2231
8600000US75453,75453,ZCTA5 75453,22067,2822
8600000US75454,75454,ZCTA5 75454,31706,5215
8600000US75455,75455,ZCTA5 75455,20140,1204
8600000US75457,75457,ZCTA5 75457,27069,6775
8600000US75459,75459,ZCTA5 75459,26159,3259
8600000US75460,75460,ZCTA5 75460,18990,1368
8600000US75462,75462,ZCTA5 75462,29064,3708
8600000US75468,75468,ZCTA5 75468,18659,6006
8600000US75469,75469,ZCTA5 75469,16404,4145
8600000US75470,75470,ZCTA5 75470,13662,2558
8600000US75471,75471,ZCTA5 75471,29525,13572
8600000US75472,75472,ZCTA5 75472,23100,2121
8600000US75473,75473,ZCTA5 75473,26213,4390
8600000US75474,75474,ZCTA5 75474,20411,1368
8600000US75475,75475,ZCTA5 75475,18294,8754
8600000US75476,75476,ZCTA5 75476,25480,4550
8600000US75477,75477,ZCTA5 75477,16650,3164
8600000US75478,75478,ZCTA5 75478,22559,5048
8600000US75479,75479,ZCTA5 75479,20203,1586
8600000US75480,75480,ZCTA5 75480,20794,2960
8600000US75481,75481,ZCTA5 75481,23398,5032
8600000US75482,75482,ZCTA5 75482,23049,1342
8600000US75486,75486,ZCTA5 75486,22168,5541
8600000US75487,75487,ZCTA5 75487,24111,4611
8600000US75488,75488,ZCTA5 75488,21063,3969
8600000US75489,75489,ZCTA5 75489,23279,3268
8600000US75490,75490,ZCTA5 75490,23767,2337
8600000US75491,75491,ZCTA5 75491,27714,3706
8600000US75492,75492,ZCTA5 75492,26166,5197
8600000US75493,75493,ZCTA5 75493,9864,2276
8600000US75494,75494,ZCTA5 75494,22316,2099
8600000US75495,75495,ZCTA5 75495,29479,2654
8600000US75496,75496,ZCTA5 75496,23632,2551
8600000US75497,75497,ZCTA5 75497,30053,5644
8600000US75501,75501,ZCTA5 75501,18923,1341
8600000US75503,75503,ZCTA5 75503,33537,3451
8600000US75550,75550,ZCTA5 75550,21645,4201
8600000US75551,75551,ZCTA5 75551,23006,2352
8600000US75554,75554,ZCTA5 75554,24035,4315
8600000US75555,75555,ZCTA5 75555,30086,6773
8600000US75556,75556,ZCTA5 75556,17678,2518
8600000US75558,75558,ZCTA5 75558,20463,3614
8600000US75559,75559,ZCTA5 75559,30176,6870
8600000US75560,75560,ZCTA5 75560,22035,6686
8600000US75561,75561,ZCTA5 75561,20180,2223
8600000US75563,75563,ZCTA5 75563,20142,2658
8600000US75565,75565,ZCTA5 75565,12087,3124
8600000US75566,75566,ZCTA5 75566,17961,4006
8600000US75567,75567,ZCTA5 75567,20632,2284
8600000US75568,75568,ZCTA5 75568,20081,3255
8600000US75569,75569,ZCTA5 75569,25903,10377
8600000US75570,75570,ZCTA5 75570,17111,1928
8600000US75571,75571,ZCTA5 75571,19764,2338
8600000US75572,75572,ZCTA5 75572,19434,1952
8600000US75573,75573,ZCTA5 75573,31600,17489
8600000US75574,75574,ZCTA5 75574,20073,2679
8600000US75601,75601,ZCTA5 75601,24278,2096
8600000US75602,75602,ZCTA5 75602,16897,1875
8600000US75603,75603,ZCTA5 75603,28629,4416
8600000US75604,75604,ZCTA5 75604,24005,1745
8600000US75605,75605,ZCTA5 75605,33176,2180
8600000US75630,75630,ZCTA5 75630,26478,4913
8600000US75631,75631,ZCTA5 75631,26181,3169
8600000US75633,75633,ZCTA5 75633,26245,2832
8600000US75638,75638,ZCTA5 75638,23292,3978
8600000US75639,75639,ZCTA5 75639,21413,3795
8600000US75640,75640,ZCTA5 75640,21597,2534
8600000US75641,75641,ZCTA5 75641,12265,4115
8600000US75642,75642,ZCTA5 75642,16607,4680
8600000US75643,75643,ZCTA5 75643,24946,4468
8600000US75644,75644,ZCTA5 75644,21931,1875
8600000US75645,75645,ZCTA5 75645,26214,2522
8600000US75647,75647,ZCTA5 75647,24015,2063
8600000US75650,75650,ZCTA5 75650,26718,2699
8600000US75651,75651,ZCTA5 75651,20379,4555
8600000US75652,75652,ZCTA5 75652,20247,1991
8600000US75654,75654,ZCTA5 75654,24783,2183
8600000US75656,75656,ZCTA5 75656,21328,2944
8600000US75657,75657,ZCTA5 75657,21415,2363
8600000US75661,75661,ZCTA5 75661,27304,10385
8600000US75662,75662,ZCTA5 75662,23190,1420
8600000US75667,75667,ZCTA5 75667,28582,10530
8600000US75668,75668,ZCTA5 75668,18081,2825
8600000US75669,75669,ZCTA5 75669,26842,5422
8600000US75670,75670,ZCTA5 75670,18652,3506
8600000US75672,75672,ZCTA5 75672,25434,1914
8600000US75681,75681,ZCTA5 75681,23290,3191
8600000US75682,75682,ZCTA5 75682,24408,5244
8600000US75683,75683,ZCTA5 75683,20481,3137
8600000US75684,75684,ZCTA5 75684,18979,1868
8600000US75686,75686,ZCTA5 75686,20662,1667
8600000US75691,75691,ZCTA5 75691,24268,3573
8600000US75692,75692,ZCTA5 75692,22248,3646
8600000US75693,75693,ZCTA5 75693,22490,2344
8600000US75701,75701,ZCTA5 75701,24540,1576
8600000US75702,75702,ZCTA5 75702,12946,838
8600000US75703,75703,ZCTA5 75703,35187,1676
8600000US75704,75704,ZCTA5 75704,15816,1818
8600000US75705,75705,ZCTA5 75705,25111,6294
8600000US75706,75706,ZCTA5 75706,18679,2720
8600000US75707,75707,ZCTA5 75707,29288,2827
8600000US75708,75708,ZCTA5 75708,13222,1748
8600000US75709,75709,ZCTA5 75709,32134,6823
8600000US75750,75750,ZCTA5 75750,23522,3801
8600000US75751,75751,ZCTA5 75751,24144,3521
8600000US75752,75752,ZCTA5 75752,21906,2229
8600000US75754,75754,ZCTA5 75754,24684,3911
8600000US75755,75755,ZCTA5 75755,23076,6337
8600000US75756,75756,ZCTA5 75756,26394,7931
8600000US75757,75757,ZCTA5 75757,28357,3505
8600000US75758,75758,ZCTA5 75758,25414,2561
8600000US75759,75759,ZCTA5 75759,7004,4417
8600000US75760,75760,ZCTA5 75760,27802,5309
8600000US75762,75762,ZCTA5 75762,34364,4045
8600000US75763,75763,ZCTA5 75763,23720,2236
8600000US75764,75764,ZCTA5 75764,21066,7443
8600000US75765,75765,ZCTA5 75765,25550,2644
8600000US75766,75766,ZCTA5 75766,19294,1102
8600000US75770,75770,ZCTA5 75770,28667,5287
8600000US75771,75771,ZCTA5 75771,26402,1701
8600000US75773,75773,ZCTA5 75773,24793,3254
8600000US75778,75778,ZCTA5 75778,21635,2720
8600000US75779,75779,ZCTA5 75779,23241,5937
8600000US75780,75780,ZCTA5 75780,20057,8731
8600000US75783,75783,ZCTA5 75783,24900,2200
8600000US75784,75784,ZCTA5 75784,16313,4470
8600000US75785,75785,ZCTA5 75785,16651,2328
8600000US75788,75788,ZCTA5 75788,38396,15452
8600000US75789,75789,ZCTA5 75789,24591,2537
8600000US75790,75790,ZCTA5 75790,21830,3010
8600000US75791,75791,ZCTA5 75791,26105,2182
8600000US75792,75792,ZCTA5 75792,23210,3422
8600000US75801,75801,ZCTA5 75801,20852,1739
8600000US75803,75803,ZCTA5 75803,18764,1961
8600000US75831,75831,ZCTA5 75831,24336,2883
8600000US75832,75832,ZCTA5 75832,18445,2764
8600000US75833,75833,ZCTA5 75833,26668,3417
8600000US75835,75835,ZCTA5 75835,19196,1352
8600000US75838,75838,ZCTA5 75838,21896,4707
8600000US75839,75839,ZCTA5 75839,21430,2199
8600000US75840,75840,ZCTA5 75840,25679,4274
8600000US75844,75844,ZCTA5 75844,21617,2295
8600000US75845,75845,ZCTA5 75845,18526,2360
8600000US75846,75846,ZCTA5 75846,19025,3505
8600000US75847,75847,ZCTA5 75847,19395,2482
8600000US75848,75848,ZCTA5 75848,20618,10075
8600000US75849,75849,ZCTA5 75849,12434,3590
8600000US75850,75850,ZCTA5 75850,25116,10471
8600000US75851,75851,ZCTA5 75851,9989,2079
8600000US75852,75852,ZCTA5 75852,6267,2525
8600000US75853,75853,ZCTA5 75853,17478,4763
8600000US75855,75855,ZCTA5 75855,22688,2867
8600000US75856,75856,ZCTA5 75856,11091,4970
8600000US75859,75859,ZCTA5 75859,26286,5776
8600000US75860,75860,ZCTA5 75860,21205,2414
8600000US75861,75861,ZCTA5 75861,5427,1408
8600000US75862,75862,ZCTA5 75862,20271,1669
8600000US75901,75901,ZCTA5 75901,22691,2430
8600000US75904,75904,ZCTA5 75904,22111,1499
8600000US75925,75925,ZCTA5 75925,18220,3136
8600000US75926,75926,ZCTA5 75926,22353,4013
8600000US75928,75928,ZCTA5 75928,14339,6032
8600000US75929,75929,ZCTA5 75929,27781,17807
8600000US75930,75930,ZCTA5 75930,22459,8439
8600000US75931,75931,ZCTA5 75931,28357,5551
8600000US75932,75932,ZCTA5 75932,25154,4868
8600000US75933,75933,ZCTA5 75933,27093,6799
8600000US75934,75934,ZCTA5 75934,36857,18167
8600000US75935,75935,ZCTA5 75935,19094,1611
8600000US75936,75936,ZCTA5 75936,25610,6335
8600000US75937,75937,ZCTA5 75937,24412,6605
8600000US75938,75938,ZCTA5 75938,21784,2453
8600000US75939,75939,ZCTA5 75939,22261,4838
8600000US75941,75941,ZCTA5 75941,16990,1949
8600000US75942,75942,ZCTA5 75942,10563,3676
8600000US75943,75943,ZCTA5 75943,26385,7533
8600000US75944,75944,ZCTA5 75944,21043,4034
8600000US75946,75946,ZCTA5 75946,19189,1926
8600000US75948,75948,ZCTA5 75948,17871,2092
8600000US75949,75949,ZCTA5 75949,20652,2095
8600000US75951,75951,ZCTA5 75951,20067,1672
8600000US75954,75954,ZCTA5 75954,23083,2673
8600000US75956,75956,ZCTA5 75956,19617,2082
8600000US75959,75959,ZCTA5 75959,26293,8053
8600000US75960,75960,ZCTA5 75960,25064,13667
8600000US75961,75961,ZCTA5 75961,21571,2930
8600000US75962,75962,ZCTA5 75962,2060,346
8600000US75964,75964,ZCTA5 75964,17216,1334
8600000US75965,75965,ZCTA5 75965,27603,2680
8600000US75966,75966,ZCTA5 75966,19132,2853
8600000US75968,75968,ZCTA5 75968,18230,3289
8600000US75969,75969,ZCTA5 75969,19913,2438
8600000US75972,75972,ZCTA5 75972,17879,2144
8600000US75973,75973,ZCTA5 75973,24349,4775
8600000US75974,75974,ZCTA5 75974,18432,3069
8600000US75975,75975,ZCTA5 75975,21189,3202
8600000US75976,75976,ZCTA5 75976,18675,3760
8600000US75977,75977,ZCTA5 75977,16326,4159
8600000US75978,75978,ZCTA5 75978,26561,13587
8600000US75979,75979,ZCTA5 75979,15419,1606
8600000US75980,75980,ZCTA5 75980,18393,2479
8600000US76001,76001,ZCTA5 76001,31239,1638
8600000US76002,76002,ZCTA5 76002,26783,1727
8600000US76006,76006,ZCTA5 76006,31634,2211
8600000US76008,76008,ZCTA5 76008,48447,3846
8600000US76009,76009,ZCTA5 76009,20637,1888
8600000US76010,76010,ZCTA5 76010,14085,813
8600000US76011,76011,ZCTA5 76011,21115,1260
8600000US76012,76012,ZCTA5 76012,31201,1856
8600000US76013,76013,ZCTA5 76013,28114,1423
8600000US76014,76014,ZCTA5 76014,17938,1069
8600000US76015,76015,ZCTA5 76015,26125,2037
8600000US76016,76016,ZCTA5 76016,42255,2898
8600000US76017,76017,ZCTA5 76017,31020,1210
8600000US76018,76018,ZCTA5 76018,22873,1302
8600000US76020,76020,ZCTA5 76020,31396,2796
8600000US76021,76021,ZCTA5 76021,35933,1434
8600000US76022,76022,ZCTA5 76022,29651,2123
8600000US76023,76023,ZCTA5 76023,24948,2698
8600000US76028,76028,ZCTA5 76028,31598,1142
8600000US76031,76031,ZCTA5 76031,22195,2356
8600000US76033,76033,ZCTA5 76033,25840,1723
8600000US76034,76034,ZCTA5 76034,72776,4529
8600000US76035,76035,ZCTA5 76035,68557,21193
8600000US76036,76036,ZCTA5 76036,28584,1577
8600000US76039,76039,ZCTA5 76039,32906,1412
8600000US76040,76040,ZCTA5 76040,25193,1641
8600000US76041,76041,ZCTA5 76041,22021,12053
8600000US76043,76043,ZCTA5 76043,26591,3025
8600000US76044,76044,ZCTA5 76044,25062,2321
8600000US76048,76048,ZCTA5 76048,26537,1880
8600000US76049,76049,ZCTA5 76049,34761,2424
8600000US76050,76050,ZCTA5 76050,25026,2766
8600000US76051,76051,ZCTA5 76051,41974,2004
8600000US76052,76052,ZCTA5 76052,33757,3580
8600000US76053,76053,ZCTA5 76053,25692,1774
8600000US76054,76054,ZCTA5 76054,40322,3015
8600000US76055,76055,ZCTA5 76055,27476,4114
8600000US76058,76058,ZCTA5 76058,23664,1863
8600000US76059,76059,ZCTA5 76059,17510,2416
8600000US76060,76060,ZCTA5 76060,32607,3550
8600000US76063,76063,ZCTA5 76063,36361,1342
8600000US76064,76064,ZCTA5 76064,29491,7275
8600000US76065,76065,ZCTA5 76065,33333,1698
8600000US76066,76066,ZCTA5 76066,29159,3880
8600000US76067,76067,ZCTA5 76067,20761,1358
8600000US76070,76070,ZCTA5 76070,30362,7787
8600000US76071,76071,ZCTA5 76071,24997,3958
8600000US76073,76073,ZCTA5 76073,26680,3464
8600000US76077,76077,ZCTA5 76077,19659,9260
8600000US76078,76078,ZCTA5 76078,25421,1986
8600000US76082,76082,ZCTA5 76082,23445,1200
8600000US76084,76084,ZCTA5 76084,20884,2865
8600000US76085,76085,ZCTA5 76085,30931,4461
8600000US76086,76086,ZCTA5 76086,24541,1419
8600000US76087,76087,ZCTA5 76087,35993,2259
8600000US76088,76088,ZCTA5 76088,30816,1810
8600000US76092,76092,ZCTA5 76092,80877,5717
8600000US76093,76093,ZCTA5 76093,20550,3171
8600000US76102,76102,ZCTA5 76102,35313,5823
8600000US76103,76103,ZCTA5 76103,18767,1831
8600000US76104,76104,ZCTA5 76104,13809,1307
8600000US76105,76105,ZCTA5 76105,11058,728
8600000US76106,76106,ZCTA5 76106,12512,690
8600000US76107,76107,ZCTA5 76107,47265,3864
8600000US76108,76108,ZCTA5 76108,29417,1489
8600000US76109,76109,ZCTA5 76109,54460,4439
8600000US76110,76110,ZCTA5 76110,22365,1404
8600000US76111,76111,ZCTA5 76111,17315,1311
8600000US76112,76112,ZCTA5 76112,22466,1072
8600000US76114,76114,ZCTA5 76114,19264,1269
8600000US76115,76115,ZCTA5 76115,13159,1032
8600000US76116,76116,ZCTA5 76116,29221,1377
8600000US76117,76117,ZCTA5 76117,19191,1157
8600000US76118,76118,ZCTA5 76118,27126,1711
8600000US76119,76119,ZCTA5 76119,13701,822
8600000US76120,76120,ZCTA5 76120,21286,1434
8600000US76123,76123,ZCTA5 76123,29314,1744
8600000US76126,76126,ZCTA5 76126,41056,2349
8600000US76127,76127,ZCTA5 76127,13308,4236
8600000US76129,76129,ZCTA5 76129,2676,552
8600000US76131,76131,ZCTA5 76131,26356,1415
8600000US76132,76132,ZCTA5 76132,40107,2915
8600000US76133,76133,ZCTA5 76133,23613,1281
8600000US76134,76134,ZCTA5 76134,17737,1104
8600000US76135,76135,ZCTA5 76135,30572,2136
8600000US76137,76137,ZCTA5 76137,28898,952
8600000US76140,76140,ZCTA5 76140,20921,1185
8600000US76148,76148,ZCTA5 76148,24255,1377
8600000US76155,76155,ZCTA5 76155,32348,4723
8600000US76164,76164,ZCTA5 76164,13455,1058
8600000US76177,76177,ZCTA5 76177,39463,4631
8600000US76179,76179,ZCTA5 76179,32438,2185
8600000US76180,76180,ZCTA5 76180,27381,1335
8600000US76182,76182,ZCTA5 76182,38602,1543
8600000US76201,76201,ZCTA5 76201,15196,765
8600000US76205,76205,ZCTA5 76205,23543,1274
8600000US76207,76207,ZCTA5 76207,28938,3182
8600000US76208,76208,ZCTA5 76208,30238,1856
8600000US76209,76209,ZCTA5 76209,23286,1377
8600000US76210,76210,ZCTA5 76210,32154,1828
8600000US76225,76225,ZCTA5 76225,29617,4966
8600000US76226,76226,ZCTA5 76226,53807,3212
8600000US76227,76227,ZCTA5 76227,31899,2060
8600000US76228,76228,ZCTA5 76228,29015,4761
8600000US76230,76230,ZCTA5 76230,25414,2820
8600000US76233,76233,ZCTA5 76233,29031,3982
8600000US76234,76234,ZCTA5 76234,32810,4969
8600000US76238,76238,ZCTA5 76238,30023,5837
8600000US76239,76239,ZCTA5 76239,30606,5456
8600000US76240,76240,ZCTA5 76240,27059,1524
8600000US76244,76244,ZCTA5 76244,33615,1885
8600000US76245,76245,ZCTA5 76245,25552,4503
8600000US76247,76247,ZCTA5 76247,29732,2011
8600000US76248,76248,ZCTA5 76248,46927,1825
8600000US76249,76249,ZCTA5 76249,28363,2775
8600000US76250,76250,ZCTA5 76250,34292,4270
8600000US76251,76251,ZCTA5 76251,32128,12073
8600000US76252,76252,ZCTA5 76252,34913,4567
8600000US76253,76253,ZCTA5 76253,21819,6575
8600000US76255,76255,ZCTA5 76255,23317,2135
8600000US76258,76258,ZCTA5 76258,31970,5546
8600000US76259,76259,ZCTA5 76259,28646,3877
8600000US76261,76261,ZCTA5 76261,25356,4893
8600000US76262,76262,ZCTA5 76262,50051,3211
8600000US76263,76263,ZCTA5 76263,22634,5227
8600000US76264,76264,ZCTA5 76264,25458,5106
8600000US76265,76265,ZCTA5 76265,27498,4116
8600000US76266,76266,ZCTA5 76266,31922,3317
8600000US76268,76268,ZCTA5 76268,21594,5138
8600000US76270,76270,ZCTA5 76270,30048,6071
8600000US76271,76271,ZCTA5 76271,26291,2798
8600000US76272,76272,ZCTA5 76272,26468,3269
8600000US76273,76273,ZCTA5 76273,25528,2227
8600000US76301,76301,ZCTA5 76301,17207,1508
8600000US76302,76302,ZCTA5 76302,22251,1529
8600000US76305,76305,ZCTA5 76305,24603,1534
8600000US76306,76306,ZCTA5 76306,20782,1818
8600000US76308,76308,ZCTA5 76308,30351,1781
8600000US76309,76309,ZCTA5 76309,26447,3252
8600000US76310,76310,ZCTA5 76310,32923,2400
8600000US76311,76311,ZCTA5 76311,14792,980
8600000US76351,76351,ZCTA5 76351,23682,3752
8600000US76354,76354,ZCTA5 76354,24693,1812
8600000US76357,76357,ZCTA5 76357,28479,9792
8600000US76360,76360,ZCTA5 76360,26384,5362
8600000US76363,76363,ZCTA5 76363,17352,4426
8600000US76364,76364,ZCTA5 76364,23032,5938
8600000US76365,76365,ZCTA5 76365,27765,3985
8600000US76366,76366,ZCTA5 76366,30724,5520
8600000US76367,76367,ZCTA5 76367,14459,1342
8600000US76370,76370,ZCTA5 76370,33907,20240
8600000US76371,76371,ZCTA5 76371,19219,2480
8600000US76372,76372,ZCTA5 76372,19967,4471
8600000US76373,76373,ZCTA5 76373,20238,5433
8600000US76374,76374,ZCTA5 76374,21435,2127
8600000US76377,76377,ZCTA5 76377,17425,2991
8600000US76379,76379,ZCTA5 76379,21572,4169
8600000US76380,76380,ZCTA5 76380,30357,7717
8600000US76384,76384,ZCTA5 76384,21602,1473
8600000US76388,76388,ZCTA5 76388,27014,8695
8600000US76389,76389,ZCTA5 76389,25008,3556
8600000US76401,76401,ZCTA5 76401,22734,1444
8600000US76402,76402,ZCTA5 76402,17945,19762
8600000US76424,76424,ZCTA5 76424,21401,1948
8600000US76426,76426,ZCTA5 76426,23411,2022
8600000US76427,76427,ZCTA5 76427,17693,4696
8600000US76429,76429,ZCTA5 76429,48084,21438
8600000US76430,76430,ZCTA5 76430,23546,2531
8600000US76431,76431,ZCTA5 76431,23442,3591
8600000US76432,76432,ZCTA5 76432,22787,2782
8600000US76433,76433,ZCTA5 76433,28357,4411
8600000US76435,76435,ZCTA5 76435,15824,5745
8600000US76436,76436,ZCTA5 76436,19850,9722
8600000US76437,76437,ZCTA5 76437,21413,3076
8600000US76442,76442,ZCTA5 76442,21205,2142
8600000US76443,76443,ZCTA5 76443,19550,4088
8600000US76444,76444,ZCTA5 76444,22413,2829
8600000US76445,76445,ZCTA5 76445,16660,7344
8600000US76446,76446,ZCTA5 76446,20717,3998
8600000US76448,76448,ZCTA5 76448,29202,9252
8600000US76449,76449,ZCTA5 76449,34531,7269
8600000US76450,76450,ZCTA5 76450,28222,3163
8600000US76452,76452,ZCTA5 76452,19827,7978
8600000US76453,76453,ZCTA5 76453,41359,8271
8600000US76454,76454,ZCTA5 76454,18047,3028
8600000US76455,76455,ZCTA5 76455,21148,4399
8600000US76457,76457,ZCTA5 76457,22015,2758
8600000US76458,76458,ZCTA5 76458,24357,3369
8600000US76459,76459,ZCTA5 76459,33168,16188
8600000US76460,76460,ZCTA5 76460,35274,9151
8600000US76462,76462,ZCTA5 76462,33899,5171
8600000US76463,76463,ZCTA5 76463,26043,5067
8600000US76464,76464,ZCTA5 76464,25910,4993
8600000US76466,76466,ZCTA5 76466,57471,52542
8600000US76469,76469,ZCTA5 76469,21390,10355
8600000US76470,76470,ZCTA5 76470,15402,2194
8600000US76471,76471,ZCTA5 76471,17548,2753
8600000US76472,76472,ZCTA5 76472,35636,11113
8600000US76474,76474,ZCTA5 76474,29918,7414
8600000US76475,76475,ZCTA5 76475,28923,6080
8600000US76476,76476,ZCTA5 76476,27877,3232
8600000US76483,76483,ZCTA5 76483,29622,6488
8600000US76484,76484,ZCTA5 76484,22123,4943
8600000US76486,76486,ZCTA5 76486,32623,6046
8600000US76487,76487,ZCTA5 76487,23567,4410
8600000US76490,76490,ZCTA5 76490,68448,33889
8600000US76491,76491,ZCTA5 76491,23890,3579
8600000US76501,76501,ZCTA5 76501,18907,1167
8600000US76502,76502,ZCTA5 76502,32062,2151
8600000US76504,76504,ZCTA5 76504,19342,1299
8600000US76511,76511,ZCTA5 76511,16685,3481
8600000US76513,76513,ZCTA5 76513,29118,1772
8600000US76518,76518,ZCTA5 76518,18108,5053
8600000US76519,76519,ZCTA5 76519,20786,6353
8600000US76520,76520,ZCTA5 76520,21876,2322
8600000US76522,76522,ZCTA5 76522,25087,1332
8600000US76523,76523,ZCTA5 76523,-,**
8600000US76524,76524,ZCTA5 76524,22008,3105
8600000US76525,76525,ZCTA5 76525,22661,3354
8600000US76527,76527,ZCTA5 76527,25426,3299
8600000US76528,76528,ZCTA5 76528,22812,1516
8600000US76530,76530,ZCTA5 76530,24145,3241
8600000US76531,76531,ZCTA5 76531,29448,6284
8600000US76534,76534,ZCTA5 76534,20680,2656
8600000US76537,76537,ZCTA5 76537,25587,2029
8600000US76538,76538,ZCTA5 76538,22901,2891
8600000US76539,76539,ZCTA5 76539,25860,2252
8600000US76541,76541,ZCTA5 76541,17223,1233
8600000US76542,76542,ZCTA5 76542,25364,1253
8600000US76543,76543,ZCTA5 76543,19405,1058
8600000US76544,76544,ZCTA5 76544,17331,1107
8600000US76548,76548,ZCTA5 76548,28578,3659
8600000US76549,76549,ZCTA5 76549,20919,1023
8600000US76550,76550,ZCTA5 76550,23550,1599
8600000US76554,76554,ZCTA5 76554,19762,2140
8600000US76556,76556,ZCTA5 76556,26094,5634
8600000US76557,76557,ZCTA5 76557,25684,3584
8600000US76559,76559,ZCTA5 76559,19471,2262
8600000US76561,76561,ZCTA5 76561,24823,4214
8600000US76565,76565,ZCTA5 76565,16938,1157
8600000US76566,76566,ZCTA5 76566,16961,5562
8600000US76567,76567,ZCTA5 76567,20905,1796
8600000US76569,76569,ZCTA5 76569,26410,3670
8600000US76570,76570,ZCTA5 76570,18222,3173
8600000US76571,76571,ZCTA5 76571,40542,4280
8600000US76573,76573,ZCTA5 76573,26004,10705
8600000US76574,76574,ZCTA5 76574,23790,1442
8600000US76577,76577,ZCTA5 76577,24628,2721
8600000US76578,76578,ZCTA5 76578,25075,3394
8600000US76579,76579,ZCTA5 76579,24870,2648
8600000US76596,76596,ZCTA5 76596,733,362
8600000US76597,76597,ZCTA5 76597,925,832
8600000US76598,76598,ZCTA5 76598,1241,876
8600000US76599,76599,ZCTA5 76599,1340,353
8600000US76621,76621,ZCTA5 76621,27850,3987
8600000US76622,76622,ZCTA5 76622,21339,2897
8600000US76623,76623,ZCTA5 76623,18169,6450
8600000US76624,76624,ZCTA5 76624,22459,3454
8600000US76626,76626,ZCTA5 76626,21862,4400
8600000US76627,76627,ZCTA5 76627,22231,2889
8600000US76628,76628,ZCTA5 76628,9900,8355
8600000US76629,76629,ZCTA5 76629,26111,4181
8600000US76630,76630,ZCTA5 76630,19761,5509
8600000US76631,76631,ZCTA5 76631,21893,3096
8600000US76632,76632,ZCTA5 76632,14597,3230
8600000US76633,76633,ZCTA5 76633,30515,3591
8600000US76634,76634,ZCTA5 76634,27038,4307
8600000US76635,76635,ZCTA5 76635,14559,2348
8600000US76636,76636,ZCTA5 76636,28286,4355
8600000US76637,76637,ZCTA5 76637,24742,5762
8600000US76638,76638,ZCTA5 76638,35877,5573
8600000US76639,76639,ZCTA5 76639,20412,2596
8600000US76640,76640,ZCTA5 76640,18882,3391
8600000US76641,76641,ZCTA5 76641,20253,3431
8600000US76642,76642,ZCTA5 76642,21305,1836
8600000US76643,76643,ZCTA5 76643,30364,2472
8600000US76645,76645,ZCTA5 76645,20067,1849
8600000US76648,76648,ZCTA5 76648,23465,2972
8600000US76649,76649,ZCTA5 76649,35002,11666
8600000US76650,76650,ZCTA5 76650,21284,5622
8600000US76651,76651,ZCTA5 76651,22963,2111
8600000US76652,76652,ZCTA5 76652,18326,3136
8600000US76653,76653,ZCTA5 76653,23526,4792
8600000US76654,76654,ZCTA5 76654,23119,6735
8600000US76655,76655,ZCTA5 76655,29782,2671
8600000US76656,76656,ZCTA5 76656,20112,2376
8600000US76657,76657,ZCTA5 76657,31765,4628
8600000US76660,76660,ZCTA5 76660,20010,3522
8600000US76661,76661,ZCTA5 76661,13045,1483
8600000US76664,76664,ZCTA5 76664,18494,2477
8600000US76665,76665,ZCTA5 76665,22664,2397
8600000US76666,76666,ZCTA5 76666,25033,8992
8600000US76667,76667,ZCTA5 76667,20354,1947
8600000US76670,76670,ZCTA5 76670,22561,3019
8600000US76671,76671,ZCTA5 76671,24041,2950
8600000US76673,76673,ZCTA5 76673,16277,4796
8600000US76676,76676,ZCTA5 76676,20831,4839
8600000US76678,76678,ZCTA5 76678,15921,4148
8600000US76679,76679,ZCTA5 76679,24996,7540
8600000US76680,76680,ZCTA5 76680,28884,10473
8600000US76681,76681,ZCTA5 76681,20191,4688
8600000US76682,76682,ZCTA5 76682,21463,1710
8600000US76686,76686,ZCTA5 76686,24852,4929
8600000US76687,76687,ZCTA5 76687,21467,3983
8600000US76689,76689,ZCTA5 76689,26074,4455
8600000US76690,76690,ZCTA5 76690,17971,2979
8600000US76691,76691,ZCTA5 76691,25881,1897
8600000US76692,76692,ZCTA5 76692,22232,1855
8600000US76693,76693,ZCTA5 76693,19298,2620
8600000US76701,76701,ZCTA5 76701,14905,2862
8600000US76704,76704,ZCTA5 76704,13200,1570
8600000US76705,76705,ZCTA5 76705,18319,1273
8600000US76706,76706,ZCTA5 76706,16402,1538
8600000US76707,76707,ZCTA5 76707,13112,878
8600000US76708,76708,ZCTA5 76708,22652,1467
8600000US76710,76710,ZCTA5 76710,27167,1957
8600000US76711,76711,ZCTA5 76711,21277,6697
8600000US76712,76712,ZCTA5 76712,32751,1970
8600000US76798,76798,ZCTA5 76798,1455,527
8600000US76801,76801,ZCTA5 76801,21648,1565
8600000US76802,76802,ZCTA5 76802,22100,2833
8600000US76820,76820,ZCTA5 76820,28690,6473
8600000US76821,76821,ZCTA5 76821,22490,4470
8600000US76823,76823,ZCTA5 76823,20549,2116
8600000US76825,76825,ZCTA5 76825,20379,2026
8600000US76827,76827,ZCTA5 76827,24076,4602
8600000US76828,76828,ZCTA5 76828,27237,6750
8600000US76831,76831,ZCTA5 76831,21601,9403
8600000US76832,76832,ZCTA5 76832,31031,14900
8600000US76834,76834,ZCTA5 76834,24144,3553
8600000US76837,76837,ZCTA5 76837,12882,2491
8600000US76841,76841,ZCTA5 76841,19426,374
8600000US76842,76842,ZCTA5 76842,34610,16527
8600000US76844,76844,ZCTA5 76844,24181,4417
8600000US76845,76845,ZCTA5 76845,23609,17817
8600000US76848,76848,ZCTA5 76848,16442,3031
8600000US76849,76849,ZCTA5 76849,23233,2849
8600000US76852,76852,ZCTA5 76852,33800,6684
8600000US76853,76853,ZCTA5 76853,19368,3348
8600000US76854,76854,ZCTA5 76854,22975,6900
8600000US76856,76856,ZCTA5 76856,25239,3419
8600000US76857,76857,ZCTA5 76857,30127,5017
8600000US76858,76858,ZCTA5 76858,16368,3695
8600000US76859,76859,ZCTA5 76859,23486,6309
8600000US76861,76861,ZCTA5 76861,23774,2506
8600000US76862,76862,ZCTA5 76862,32444,9890
8600000US76864,76864,ZCTA5 76864,24152,4994
8600000US76865,76865,ZCTA5 76865,10447,6188
8600000US76866,76866,ZCTA5 76866,27228,6502
8600000US76869,76869,ZCTA5 76869,23769,3633
8600000US76870,76870,ZCTA5 76870,20513,10116
8600000US76871,76871,ZCTA5 76871,24921,4225
8600000US76872,76872,ZCTA5 76872,39400,7648
8600000US76873,76873,ZCTA5 76873,24477,14893
8600000US76874,76874,ZCTA5 76874,35378,11599
8600000US76875,76875,ZCTA5 76875,26632,5763
8600000US76877,76877,ZCTA5 76877,16335,1609
8600000US76878,76878,ZCTA5 76878,29448,9046
8600000US76882,76882,ZCTA5 76882,22691,6434
8600000US76884,76884,ZCTA5 76884,25419,9690
8600000US76885,76885,ZCTA5 76885,32467,11241
8600000US76887,76887,ZCTA5 76887,18271,8932
8600000US76888,76888,ZCTA5 76888,17228,4292
8600000US76890,76890,ZCTA5 76890,23613,7415
8600000US76901,76901,ZCTA5 76901,26845,1560
8600000US76903,76903,ZCTA5 76903,20572,2898
8600000US76904,76904,ZCTA5 76904,31507,1879
8600000US76905,76905,ZCTA5 76905,23495,3096
8600000US76908,76908,ZCTA5 76908,30504,14037
8600000US76930,76930,ZCTA5 76930,37524,7345
8600000US76932,76932,ZCTA5 76932,26686,3930
8600000US76933,76933,ZCTA5 76933,23729,3338
8600000US76934,76934,ZCTA5 76934,20442,3866
8600000US76935,76935,ZCTA5 76935,33587,5444
8600000US76936,76936,ZCTA5 76936,26408,5118
8600000US76939,76939,ZCTA5 76939,45196,11705
8600000US76940,76940,ZCTA5 76940,29053,9603
8600000US76941,76941,ZCTA5 76941,29755,4651
8600000US76943,76943,ZCTA5 76943,22771,2836
8600000US76945,76945,ZCTA5 76945,23347,2379
8600000US76949,76949,ZCTA5 76949,32980,21745
8600000US76950,76950,ZCTA5 76950,28079,3365
8600000US76951,76951,ZCTA5 76951,25104,4993
8600000US76953,76953,ZCTA5 76953,42704,45074
8600000US76955,76955,ZCTA5 76955,65043,36053
8600000US76957,76957,ZCTA5 76957,-,**
8600000US76958,76958,ZCTA5 76958,33402,15339
8600000US77002,77002,ZCTA5 77002,34805,3814
8600000US77003,77003,ZCTA5 77003,32771,3514
8600000US77004,77004,ZCTA5 77004,32140,2793
8600000US77005,77005,ZCTA5 77005,98397,5951
8600000US77006,77006,ZCTA5 77006,66494,5172
8600000US77007,77007,ZCTA5 77007,77957,5222
8600000US77008,77008,ZCTA5 77008,60908,3807
8600000US77009,77009,ZCTA5 77009,30474,2316
8600000US77010,77010,ZCTA5 77010,199424,31954
8600000US77011,77011,ZCTA5 77011,13328,1076
8600000US77012,77012,ZCTA5 77012,14147,873
8600000US77013,77013,ZCTA5 77013,14076,861
8600000US77014,77014,ZCTA5 77014,19717,1643
8600000US77015,77015,ZCTA5 77015,17972,830
8600000US77016,77016,ZCTA5 77016,15307,1068
8600000US77017,77017,ZCTA5 77017,16754,847
8600000US77018,77018,ZCTA5 77018,42984,2687
8600000US77019,77019,ZCTA5 77019,92084,6367
8600000US77020,77020,ZCTA5 77020,14065,822
8600000US77021,77021,ZCTA5 77021,20443,1283
8600000US77022,77022,ZCTA5 77022,14687,904
8600000US77023,77023,ZCTA5 77023,18153,1679
8600000US77024,77024,ZCTA5 77024,87459,5297
8600000US77025,77025,ZCTA5 77025,54687,4264
8600000US77026,77026,ZCTA5 77026,12996,967
8600000US77027,77027,ZCTA5 77027,88520,8698
8600000US77028,77028,ZCTA5 77028,16115,1490
8600000US77029,77029,ZCTA5 77029,15047,1857
8600000US77030,77030,ZCTA5 77030,62010,6325
8600000US77031,77031,ZCTA5 77031,18819,1716
8600000US77032,77032,ZCTA5 77032,11111,900
8600000US77033,77033,ZCTA5 77033,14278,793
8600000US77034,77034,ZCTA5 77034,18801,1428
8600000US77035,77035,ZCTA5 77035,24703,1525
8600000US77036,77036,ZCTA5 77036,14390,630
8600000US77037,77037,ZCTA5 77037,13375,1258
8600000US77038,77038,ZCTA5 77038,14680,874
8600000US77039,77039,ZCTA5 77039,12232,676
8600000US77040,77040,ZCTA5 77040,29056,1664
8600000US77041,77041,ZCTA5 77041,35553,2236
8600000US77042,77042,ZCTA5 77042,33967,1950
8600000US77043,77043,ZCTA5 77043,28453,2202
8600000US77044,77044,ZCTA5 77044,29405,2847
8600000US77045,77045,ZCTA5 77045,17644,1386
8600000US77046,77046,ZCTA5 77046,99780,37056
8600000US77047,77047,ZCTA5 77047,23061,1772
8600000US77048,77048,ZCTA5 77048,17041,1660
8600000US77049,77049,ZCTA5 77049,20487,1487
8600000US77050,77050,ZCTA5 77050,21793,4514
8600000US77051,77051,ZCTA5 77051,14711,1560
8600000US77053,77053,ZCTA5 77053,15572,790
8600000US77054,77054,ZCTA5 77054,32411,2258
8600000US77055,77055,ZCTA5 77055,32177,1790
8600000US77056,77056,ZCTA5 77056,83553,6792
8600000US77057,77057,ZCTA5 77057,54071,3247
8600000US77058,77058,ZCTA5 77058,35056,3159
8600000US77059,77059,ZCTA5 77059,55687,4046
8600000US77060,77060,ZCTA5 77060,11696,580
8600000US77061,77061,ZCTA5 77061,18262,1183
8600000US77062,77062,ZCTA5 77062,38737,2360
8600000US77063,77063,ZCTA5 77063,33406,2063
8600000US77064,77064,ZCTA5 77064,29049,1635
8600000US77065,77065,ZCTA5 77065,29087,1410
8600000US77066,77066,ZCTA5 77066,22880,1076
8600000US77067,77067,ZCTA5 77067,16134,792
8600000US77068,77068,ZCTA5 77068,37537,3252
8600000US77069,77069,ZCTA5 77069,46850,5518
8600000US77070,77070,ZCTA5 77070,34718,1709
8600000US77071,77071,ZCTA5 77071,23583,1449
8600000US77072,77072,ZCTA5 77072,15057,706
8600000US77073,77073,ZCTA5 77073,19164,1189
8600000US77074,77074,ZCTA5 77074,16931,1088
8600000US77075,77075,ZCTA5 77075,18649,1193
8600000US77076,77076,ZCTA5 77076,12166,739
8600000US77077,77077,ZCTA5 77077,44847,2406
8600000US77078,77078,ZCTA5 77078,13505,1428
8600000US77079,77079,ZCTA5 77079,55734,3484
8600000US77080,77080,ZCTA5 77080,19573,1100
8600000US77081,77081,ZCTA5 77081,16354,1010
8600000US77082,77082,ZCTA5 77082,28892,1817
8600000US77083,77083,ZCTA5 77083,20158,827
8600000US77084,77084,ZCTA5 77084,27973,1183
8600000US77085,77085,ZCTA5 77085,18640,1240
8600000US77086,77086,ZCTA5 77086,15037,956
8600000US77087,77087,ZCTA5 77087,14471,1053
8600000US77088,77088,ZCTA5 77088,17469,969
8600000US77089,77089,ZCTA5 77089,24740,1310
8600000US77090,77090,ZCTA5 77090,21603,1537
8600000US77091,77091,ZCTA5 77091,17450,1268
8600000US77092,77092,ZCTA5 77092,20451,1533
8600000US77093,77093,ZCTA5 77093,12077,459
8600000US77094,77094,ZCTA5 77094,74737,8541
8600000US77095,77095,ZCTA5 77095,36614,1407
8600000US77096,77096,ZCTA5 77096,39729,2375
8600000US77098,77098,ZCTA5 77098,76979,5195
8600000US77099,77099,ZCTA5 77099,16206,621
8600000US77201,77201,ZCTA5 77201,-,**
8600000US77301,77301,ZCTA5 77301,17847,1110
8600000US77302,77302,ZCTA5 77302,28934,3134
8600000US77303,77303,ZCTA5 77303,20994,1340
8600000US77304,77304,ZCTA5 77304,37361,4516
8600000US77306,77306,ZCTA5 77306,18264,2682
8600000US77316,77316,ZCTA5 77316,39027,3335
8600000US77318,77318,ZCTA5 77318,34111,4656
8600000US77320,77320,ZCTA5 77320,14943,1921
8600000US77327,77327,ZCTA5 77327,19469,1653
8600000US77328,77328,ZCTA5 77328,19958,1949
8600000US77331,77331,ZCTA5 77331,27399,4139
8600000US77335,77335,ZCTA5 77335,22898,7477
8600000US77336,77336,ZCTA5 77336,33585,3791
8600000US77338,77338,ZCTA5 77338,21919,1479
8600000US77339,77339,ZCTA5 77339,36101,1832
8600000US77340,77340,ZCTA5 77340,17016,1233
8600000US77342,77342,ZCTA5 77342,-,**
8600000US77345,77345,ZCTA5 77345,51860,2645
8600000US77346,77346,ZCTA5 77346,37832,2191
8600000US77350,77350,ZCTA5 77350,9263,4224
8600000US77351,77351,ZCTA5 77351,21106,3348
8600000US77354,77354,ZCTA5 77354,38062,3412
8600000US77355,77355,ZCTA5 77355,33980,2615
8600000US77356,77356,ZCTA5 77356,46814,4926
8600000US77357,77357,ZCTA5 77357,22418,4224
8600000US77358,77358,ZCTA5 77358,24968,5533
8600000US77359,77359,ZCTA5 77359,27778,9512
8600000US77360,77360,ZCTA5 77360,20841,2312
8600000US77362,77362,ZCTA5 77362,19963,4341
8600000US77363,77363,ZCTA5 77363,25417,4507
8600000US77364,77364,ZCTA5 77364,20208,3910
8600000US77365,77365,ZCTA5 77365,28083,3133
8600000US77367,77367,ZCTA5 77367,25158,7402
8600000US77368,77368,ZCTA5 77368,46904,46279
8600000US77369,77369,ZCTA5 77369,26432,11940
8600000US77371,77371,ZCTA5 77371,19598,3688
8600000US77372,77372,ZCTA5 77372,20761,2061
8600000US77373,77373,ZCTA5 77373,26637,1239
8600000US77374,77374,ZCTA5 77374,21726,7358
8600000US77375,77375,ZCTA5 77375,28876,1635
8600000US77376,77376,ZCTA5 77376,14525,7283
8600000US77377,77377,ZCTA5 77377,37273,2813
8600000US77378,77378,ZCTA5 77378,19955,1928
8600000US77379,77379,ZCTA5 77379,44193,2028
8600000US77380,77380,ZCTA5 77380,48796,3812
8600000US77381,77381,ZCTA5 77381,54819,2735
8600000US77382,77382,ZCTA5 77382,57403,5470
8600000US77384,77384,ZCTA5 77384,44155,4392
8600000US77385,77385,ZCTA5 77385,33327,2768
8600000US77386,77386,ZCTA5 77386,37859,2475
8600000US77388,77388,ZCTA5 77388,35664,1515
8600000US77389,77389,ZCTA5 77389,47496,3684
8600000US77396,77396,ZCTA5 77396,26696,1770
8600000US77401,77401,ZCTA5 77401,85712,5538
8600000US77406,77406,ZCTA5 77406,43233,3030
8600000US77407,77407,ZCTA5 77407,30008,2278
8600000US77412,77412,ZCTA5 77412,19312,7213
8600000US77414,77414,ZCTA5 77414,24316,1812
8600000US77415,77415,ZCTA5 77415,24961,5177
8600000US77417,77417,ZCTA5 77417,22022,3424
8600000US77418,77418,ZCTA5 77418,29063,2996
8600000US77419,77419,ZCTA5 77419,18048,6140
8600000US77420,77420,ZCTA5 77420,23427,3548
8600000US77422,77422,ZCTA5 77422,23377,1866
8600000US77423,77423,ZCTA5 77423,23330,2696
8600000US77426,77426,ZCTA5 77426,32383,9466
8600000US77428,77428,ZCTA5 77428,-,**
8600000US77429,77429,ZCTA5 77429,41503,2044
8600000US77430,77430,ZCTA5 77430,33199,5842
8600000US77433,77433,ZCTA5 77433,37304,1633
8600000US77434,77434,ZCTA5 77434,21634,4508
8600000US77435,77435,ZCTA5 77435,25820,3567
8600000US77437,77437,ZCTA5 77437,25455,3044
8600000US77440,77440,ZCTA5 77440,-,**
8600000US77441,77441,ZCTA5 77441,64441,6276
8600000US77442,77442,ZCTA5 77442,30068,6200
8600000US77444,77444,ZCTA5 77444,38147,18113
8600000US77445,77445,ZCTA5 77445,20131,2021
8600000US77446,77446,ZCTA5 77446,5507,2556
8600000US77447,77447,ZCTA5 77447,28037,2587
8600000US77448,77448,ZCTA5 77448,12833,8351
8600000US77449,77449,ZCTA5 77449,24167,1056
8600000US77450,77450,ZCTA5 77450,42223,1389
8600000US77451,77451,ZCTA5 77451,8834,5368
8600000US77453,77453,ZCTA5 77453,13851,6463
8600000US77454,77454,ZCTA5 77454,27115,13308
8600000US77455,77455,ZCTA5 77455,26436,3818
8600000US77456,77456,ZCTA5 77456,23428,7857
8600000US77457,77457,ZCTA5 77457,20909,6212
8600000US77458,77458,ZCTA5 77458,35105,11698
8600000US77459,77459,ZCTA5 77459,46301,2568
8600000US77460,77460,ZCTA5 77460,18777,7872
8600000US77461,77461,ZCTA5 77461,28014,3194
8600000US77464,77464,ZCTA5 77464,29963,22546
8600000US77465,77465,ZCTA5 77465,21958,2546
8600000US77466,77466,ZCTA5 77466,27330,11584
8600000US77467,77467,ZCTA5 77467,29597,34442
8600000US77469,77469,ZCTA5 77469,30900,1506
8600000US77470,77470,ZCTA5 77470,14438,3924
8600000US77471,77471,ZCTA5 77471,19913,1285
8600000US77473,77473,ZCTA5 77473,17846,8572
8600000US77474,77474,ZCTA5 77474,27809,2391
8600000US77475,77475,ZCTA5 77475,32114,9168
8600000US77476,77476,ZCTA5 77476,32108,13214
8600000US77477,77477,ZCTA5 77477,25745,1408
8600000US77478,77478,ZCTA5 77478,49259,4862
8600000US77479,77479,ZCTA5 77479,51020,2297
8600000US77480,77480,ZCTA5 77480,26863,2967
8600000US77481,77481,ZCTA5 77481,67429,23679
8600000US77482,77482,ZCTA5 77482,19147,3635
8600000US77483,77483,ZCTA5 77483,15390,7129
8600000US77484,77484,ZCTA5 77484,29466,3655
8600000US77485,77485,ZCTA5 77485,27691,3427
8600000US77486,77486,ZCTA5 77486,26211,2761
8600000US77488,77488,ZCTA5 77488,20037,1480
8600000US77489,77489,ZCTA5 77489,24911,1148
8600000US77493,77493,ZCTA5 77493,32108,2341
8600000US77494,77494,ZCTA5 77494,47961,2105
8600000US77498,77498,ZCTA5 77498,30120,1935
8600000US77502,77502,ZCTA5 77502,17764,1257
8600000US77503,77503,ZCTA5 77503,17068,1066
8600000US77504,77504,ZCTA5 77504,22701,1869
8600000US77505,77505,ZCTA5 77505,32992,2045
8600000US77506,77506,ZCTA5 77506,13693,738
8600000US77507,77507,ZCTA5 77507,-,**
8600000US77510,77510,ZCTA5 77510,30224,2503
8600000US77511,77511,ZCTA5 77511,24631,1162
8600000US77514,77514,ZCTA5 77514,20296,2713
8600000US77515,77515,ZCTA5 77515,25024,1547
8600000US77517,77517,ZCTA5 77517,28186,4065
8600000US77518,77518,ZCTA5 77518,20829,2675
8600000US77519,77519,ZCTA5 77519,21844,5691
8600000US77520,77520,ZCTA5 77520,21125,957
8600000US77521,77521,ZCTA5 77521,25679,1298
8600000US77523,77523,ZCTA5 77523,34214,2376
8600000US77530,77530,ZCTA5 77530,19671,1854
8600000US77531,77531,ZCTA5 77531,24428,1581
8600000US77532,77532,ZCTA5 77532,27894,1971
8600000US77533,77533,ZCTA5 77533,26282,7394
8600000US77534,77534,ZCTA5 77534,32107,4014
8600000US77535,77535,ZCTA5 77535,21462,1379
8600000US77536,77536,ZCTA5 77536,32345,2249
8600000US77538,77538,ZCTA5 77538,28811,7115
8600000US77539,77539,ZCTA5 77539,30028,1505
8600000US77541,77541,ZCTA5 77541,21290,1440
8600000US77545,77545,ZCTA5 77545,21770,1543
8600000US77546,77546,ZCTA5 77546,42962,2149
8600000US77547,77547,ZCTA5 77547,15958,1608
8600000US77550,77550,ZCTA5 77550,23671,1237
8600000US77551,77551,ZCTA5 77551,27222,2080
8600000US77554,77554,ZCTA5 77554,45943,6113
8600000US77560,77560,ZCTA5 77560,46382,25117
8600000US77561,77561,ZCTA5 77561,33128,12097
8600000US77562,77562,ZCTA5 77562,25889,2517
8600000US77563,77563,ZCTA5 77563,28537,2514
8600000US77564,77564,ZCTA5 77564,25425,4067
8600000US77565,77565,ZCTA5 77565,45205,5591
8600000US77566,77566,ZCTA5 77566,38174,2063
8600000US77568,77568,ZCTA5 77568,21487,1747
8600000US77571,77571,ZCTA5 77571,30754,1511
8600000US77573,77573,ZCTA5 77573,40485,1760
8600000US77575,77575,ZCTA5 77575,26201,2683
8600000US77577,77577,ZCTA5 77577,29746,7385
8600000US77578,77578,ZCTA5 77578,36808,3909
8600000US77580,77580,ZCTA5 77580,43806,33069
8600000US77581,77581,ZCTA5 77581,35917,1797
8600000US77583,77583,ZCTA5 77583,18396,1637
8600000US77584,77584,ZCTA5 77584,41763,2098
8600000US77585,77585,ZCTA5 77585,17846,5745
8600000US77586,77586,ZCTA5 77586,44785,3169
8600000US77587,77587,ZCTA5 77587,15296,1098
8600000US77590,77590,ZCTA5 77590,21720,1414
8600000US77591,77591,ZCTA5 77591,24618,3638
8600000US77597,77597,ZCTA5 77597,20298,9450
8600000US77598,77598,ZCTA5 77598,26189,1633
8600000US77611,77611,ZCTA5 77611,27546,1757
8600000US77612,77612,ZCTA5 77612,21858,2449
8600000US77613,77613,ZCTA5 77613,31516,5780
8600000US77614,77614,ZCTA5 77614,19597,4601
8600000US77615,77615,ZCTA5 77615,24981,4327
8600000US77616,77616,ZCTA5 77616,35102,9319
8600000US77617,77617,ZCTA5 77617,51935,22947
8600000US77619,77619,ZCTA5 77619,25384,1900
8600000US77622,77622,ZCTA5 77622,28655,4364
8600000US77623,77623,ZCTA5 77623,24471,5717
8600000US77624,77624,ZCTA5 77624,30755,8261
8600000US77625,77625,ZCTA5 77625,32436,7132
8600000US77627,77627,ZCTA5 77627,37321,3921
8600000US77629,77629,ZCTA5 77629,25726,9116
8600000US77630,77630,ZCTA5 77630,26358,2129
8600000US77632,77632,ZCTA5 77632,28125,1703
8600000US77640,77640,ZCTA5 77640,19655,1574
8600000US77642,77642,ZCTA5 77642,17978,918
8600000US77650,77650,ZCTA5 77650,33328,9003
8600000US77651,77651,ZCTA5 77651,31578,2426
8600000US77655,77655,ZCTA5 77655,35449,19402
8600000US77656,77656,ZCTA5 77656,23449,1689
8600000US77657,77657,ZCTA5 77657,29175,1612
8600000US77659,77659,ZCTA5 77659,42783,8181
8600000US77660,77660,ZCTA5 77660,23348,5826
8600000US77661,77661,ZCTA5 77661,20077,7913
8600000US77662,77662,ZCTA5 77662,23953,1466
8600000US77663,77663,ZCTA5 77663,20507,7542
8600000US77664,77664,ZCTA5 77664,32416,6318
8600000US77665,77665,ZCTA5 77665,23660,3593
8600000US77701,77701,ZCTA5 77701,14332,1083
8600000US77702,77702,ZCTA5 77702,25725,6963
8600000US77703,77703,ZCTA5 77703,14884,1408
8600000US77705,77705,ZCTA5 77705,15781,1087
8600000US77706,77706,ZCTA5 77706,41423,3374
8600000US77707,77707,ZCTA5 77707,25468,1896
8600000US77708,77708,ZCTA5 77708,23808,2471
8600000US77713,77713,ZCTA5 77713,32667,2255
8600000US77801,77801,ZCTA5 77801,15071,1302
8600000US77802,77802,ZCTA5 77802,32805,2559
8600000US77803,77803,ZCTA5 77803,16523,1136
8600000US77807,77807,ZCTA5 77807,22565,2932
8600000US77808,77808,ZCTA5 77808,33472,3565
8600000US77830,77830,ZCTA5 77830,26384,4898
8600000US77831,77831,ZCTA5 77831,24673,5148
8600000US77833,77833,ZCTA5 77833,24423,1578
8600000US77835,77835,ZCTA5 77835,33596,4620
8600000US77836,77836,ZCTA5 77836,26834,1842
8600000US77837,77837,ZCTA5 77837,17819,2914
8600000US77840,77840,ZCTA5 77840,13446,801
8600000US77845,77845,ZCTA5 77845,36485,1575
8600000US77853,77853,ZCTA5 77853,25106,3027
8600000US77856,77856,ZCTA5 77856,27263,2755
8600000US77857,77857,ZCTA5 77857,42641,16051
8600000US77859,77859,ZCTA5 77859,21587,1897
8600000US77861,77861,ZCTA5 77861,30263,4510
8600000US77864,77864,ZCTA5 77864,23546,2437
8600000US77865,77865,ZCTA5 77865,54121,32379
8600000US77867,77867,ZCTA5 77867,20447,6146
8600000US77868,77868,ZCTA5 77868,18039,1557
8600000US77871,77871,ZCTA5 77871,33450,6671
8600000US77872,77872,ZCTA5 77872,25811,3814
8600000US77873,77873,ZCTA5 77873,21335,3994
8600000US77876,77876,ZCTA5 77876,26746,12167
8600000US77878,77878,ZCTA5 77878,13542,5249
8600000US77879,77879,ZCTA5 77879,24640,2441
8600000US77880,77880,ZCTA5 77880,44995,33289
8600000US77901,77901,ZCTA5 77901,20771,1062
8600000US77904,77904,ZCTA5 77904,37622,2955
8600000US77905,77905,ZCTA5 77905,30893,2198
8600000US77950,77950,ZCTA5 77950,27022,7060
8600000US77951,77951,ZCTA5 77951,16398,3175
8600000US77954,77954,ZCTA5 77954,24431,2373
8600000US77957,77957,ZCTA5 77957,25088,2291
8600000US77961,77961,ZCTA5 77961,30235,16334
8600000US77962,77962,ZCTA5 77962,25853,3710
8600000US77963,77963,ZCTA5 77963,29271,3667
8600000US77964,77964,ZCTA5 77964,29241,2612
8600000US77968,77968,ZCTA5 77968,31792,4732
8600000US77969,77969,ZCTA5 77969,23077,6159
8600000US77970,77970,ZCTA5 77970,27260,7876
8600000US77971,77971,ZCTA5 77971,32050,9467
8600000US77974,77974,ZCTA5 77974,30782,6148
8600000US77975,77975,ZCTA5 77975,30424,6802
8600000US77976,77976,ZCTA5 77976,25315,12478
8600000US77977,77977,ZCTA5 77977,15316,4245
8600000US77978,77978,ZCTA5 77978,31484,9739
8600000US77979,77979,ZCTA5 77979,24973,1485
8600000US77982,77982,ZCTA5 77982,23558,7587
8600000US77983,77983,ZCTA5 77983,24937,4755
8600000US77984,77984,ZCTA5 77984,34824,4383
8600000US77987,77987,ZCTA5 77987,27506,8085
8600000US77988,77988,ZCTA5 77988,14204,10398
8600000US77990,77990,ZCTA5 77990,19494,3674
8600000US77991,77991,ZCTA5 77991,15937,5613
8600000US77993,77993,ZCTA5 77993,28000,19115
8600000US77994,77994,ZCTA5 77994,31185,10970
8600000US77995,77995,ZCTA5 77995,23733,2073
8600000US78001,78001,ZCTA5 78001,-,**
8600000US78002,78002,ZCTA5 78002,18602,3154
8600000US78003,78003,ZCTA5 78003,28279,3167
8600000US78004,78004,ZCTA5 78004,40039,12050
8600000US78005,78005,ZCTA5 78005,26529,14985
8600000US78006,78006,ZCTA5 78006,39440,3208
8600000US78007,78007,ZCTA5 78007,26375,13277
8600000US78008,78008,ZCTA5 78008,94629,54809
8600000US78009,78009,ZCTA5 78009,27867,3792
8600000US78010,78010,ZCTA5 78010,26686,5794
8600000US78011,78011,ZCTA5 78011,16303,3353
8600000US78012,78012,ZCTA5 78012,18655,4867
8600000US78013,78013,ZCTA5 78013,22661,3103
8600000US78014,78014,ZCTA5 78014,27997,10102
8600000US78015,78015,ZCTA5 78015,49247,4121
8600000US78016,78016,ZCTA5 78016,23233,2425
8600000US78017,78017,ZCTA5 78017,13544,2312
8600000US78019,78019,ZCTA5 78019,12217,2313
8600000US78021,78021,ZCTA5 78021,15027,2026
8600000US78022,78022,ZCTA5 78022,22550,3030
8600000US78023,78023,ZCTA5 78023,39320,2011
8600000US78024,78024,ZCTA5 78024,35940,9454
8600000US78025,78025,ZCTA5 78025,21939,2699
8600000US78026,78026,ZCTA5 78026,23548,3439
8600000US78027,78027,ZCTA5 78027,44979,12545
8600000US78028,78028,ZCTA5 78028,26541,1795
8600000US78029,78029,ZCTA5 78029,-,**
8600000US78039,78039,ZCTA5 78039,31467,9818
8600000US78040,78040,ZCTA5 78040,9654,572
8600000US78041,78041,ZCTA5 78041,19179,1253
8600000US78043,78043,ZCTA5 78043,13330,968
8600000US78044,78044,ZCTA5 78044,11637,7326
8600000US78045,78045,ZCTA5 78045,23932,970
8600000US78046,78046,ZCTA5 78046,11000,562
8600000US78050,78050,ZCTA5 78050,13270,6095
8600000US78052,78052,ZCTA5 78052,21323,2433
8600000US78055,78055,ZCTA5 78055,21827,4082
8600000US78056,78056,ZCTA5 78056,45027,11259
8600000US78057,78057,ZCTA5 78057,22914,11040
8600000US78058,78058,ZCTA5 78058,32308,6171
8600000US78059,78059,ZCTA5 78059,22978,2707
8600000US78061,78061,ZCTA5 78061,18660,3933
8600000US78063,78063,ZCTA5 78063,29006,2719
8600000US78064,78064,ZCTA5 78064,29148,4652
8600000US78065,78065,ZCTA5 78065,21297,3419
8600000US78066,78066,ZCTA5 78066,28649,9106
8600000US78067,78067,ZCTA5 78067,31395,14062
8600000US78069,78069,ZCTA5 78069,15053,2123
8600000US78070,78070,ZCTA5 78070,40957,3392
8600000US78071,78071,ZCTA5 78071,20039,4198
8600000US78072,78072,ZCTA5 78072,24028,7335
8600000US78073,78073,ZCTA5 78073,15366,1415
8600000US78075,78075,ZCTA5 78075,54136,36485
8600000US78076,78076,ZCTA5 78076,15611,1804
8600000US78101,78101,ZCTA5 78101,31556,2858
8600000US78102,78102,ZCTA5 78102,16762,1112
8600000US78104,78104,ZCTA5 78104,29982,7228
8600000US78107,78107,ZCTA5 78107,15782,8804
8600000US78108,78108,ZCTA5 78108,30566,1280
8600000US78109,78109,ZCTA5 78109,23178,1207
8600000US78112,78112,ZCTA5 78112,17327,1746
8600000US78113,78113,ZCTA5 78113,39243,6372
8600000US78114,78114,ZCTA5 78114,25651,1566
8600000US78116,78116,ZCTA5 78116,50922,35410
8600000US78117,78117,ZCTA5 78117,48487,9137
8600000US78118,78118,ZCTA5 78118,24220,6369
8600000US78119,78119,ZCTA5 78119,20015,3460
8600000US78121,78121,ZCTA5 78121,32886,2594
8600000US78122,78122,ZCTA5 78122,18820,6337
8600000US78123,78123,ZCTA5 78123,39712,7516
8600000US78124,78124,ZCTA5 78124,26079,2007
8600000US78125,78125,ZCTA5 78125,41510,16983
8600000US78130,78130,ZCTA5 78130,26244,950
8600000US78132,78132,ZCTA5 78132,39792,2245
8600000US78133,78133,ZCTA5 78133,32633,2763
8600000US78140,78140,ZCTA5 78140,20572,4262
8600000US78141,78141,ZCTA5 78141,27973,4768
8600000US78142,78142,ZCTA5 78142,50711,27595
8600000US78143,78143,ZCTA5 78143,3922,916
8600000US78144,78144,ZCTA5 78144,22334,5158
8600000US78145,78145,ZCTA5 78145,30791,13858
8600000US78146,78146,ZCTA5 78146,20147,3887
8600000US78147,78147,ZCTA5 78147,25091,2876
8600000US78148,78148,ZCTA5 78148,27397,1551
8600000US78151,78151,ZCTA5 78151,25107,4267
8600000US78152,78152,ZCTA5 78152,34342,7387
8600000US78154,78154,ZCTA5 78154,32197,1523
8600000US78155,78155,ZCTA5 78155,25011,1462
8600000US78159,78159,ZCTA5 78159,20879,3705
8600000US78160,78160,ZCTA5 78160,25967,2710
8600000US78161,78161,ZCTA5 78161,26225,11174
8600000US78162,78162,ZCTA5 78162,21749,8406
8600000US78163,78163,ZCTA5 78163,42776,4847
8600000US78164,78164,ZCTA5 78164,36860,7753
8600000US78201,78201,ZCTA5 78201,18227,816
8600000US78202,78202,ZCTA5 78202,12843,1287
8600000US78203,78203,ZCTA5 78203,13814,1677
8600000US78204,78204,ZCTA5 78204,23991,3310
8600000US78205,78205,ZCTA5 78205,33752,8567
8600000US78207,78207,ZCTA5 78207,11614,579
8600000US78208,78208,ZCTA5 78208,12427,1648
8600000US78209,78209,ZCTA5 78209,51363,3360
8600000US78210,78210,ZCTA5 78210,17120,882
8600000US78211,78211,ZCTA5 78211,12721,691
8600000US78212,78212,ZCTA5 78212,29509,1514
8600000US78213,78213,ZCTA5 78213,22838,1114
8600000US78214,78214,ZCTA5 78214,14020,947
8600000US78215,78215,ZCTA5 78215,43785,9773
8600000US78216,78216,ZCTA5 78216,30134,1576
8600000US78217,78217,ZCTA5 78217,25338,1307
8600000US78218,78218,ZCTA5 78218,20034,1230
8600000US78219,78219,ZCTA5 78219,16456,1234
8600000US78220,78220,ZCTA5 78220,15559,1971
8600000US78221,78221,ZCTA5 78221,15010,897
8600000US78222,78222,ZCTA5 78222,20553,1851
8600000US78223,78223,ZCTA5 78223,16949,646
8600000US78224,78224,ZCTA5 78224,16099,1351
8600000US78225,78225,ZCTA5 78225,13973,881
8600000US78226,78226,ZCTA5 78226,15930,1803
8600000US78227,78227,ZCTA5 78227,15028,1664
8600000US78228,78228,ZCTA5 78228,16547,941
8600000US78229,78229,ZCTA5 78229,22882,1673
8600000US78230,78230,ZCTA5 78230,36210,1923
8600000US78231,78231,ZCTA5 78231,42670,3882
8600000US78232,78232,ZCTA5 78232,39267,2042
8600000US78233,78233,ZCTA5 78233,24340,1453
8600000US78234,78234,ZCTA5 78234,16037,1262
8600000US78235,78235,ZCTA5 78235,39331,14650
8600000US78236,78236,ZCTA5 78236,14469,1307
8600000US78237,78237,ZCTA5 78237,12575,899
8600000US78238,78238,ZCTA5 78238,23274,1988
8600000US78239,78239,ZCTA5 78239,24547,1468
8600000US78240,78240,ZCTA5 78240,27047,1096
8600000US78242,78242,ZCTA5 78242,13147,675
8600000US78243,78243,ZCTA5 78243,23735,15408
8600000US78244,78244,ZCTA5 78244,22864,1591
8600000US78245,78245,ZCTA5 78245,21117,758
8600000US78247,78247,ZCTA5 78247,29123,1132
8600000US78248,78248,ZCTA5 78248,52111,3388
8600000US78249,78249,ZCTA5 78249,28383,1141
8600000US78250,78250,ZCTA5 78250,25500,1077
8600000US78251,78251,ZCTA5 78251,27672,1171
8600000US78252,78252,ZCTA5 78252,15371,1321
8600000US78253,78253,ZCTA5 78253,31730,1258
8600000US78254,78254,ZCTA5 78254,27692,964
8600000US78255,78255,ZCTA5 78255,44411,3999
8600000US78256,78256,ZCTA5 78256,43131,4833
8600000US78257,78257,ZCTA5 78257,69186,10143
8600000US78258,78258,ZCTA5 78258,45799,2923
8600000US78259,78259,ZCTA5 78259,36980,2572
8600000US78260,78260,ZCTA5 78260,41994,2434
8600000US78261,78261,ZCTA5 78261,41274,2554
8600000US78263,78263,ZCTA5 78263,27653,3396
8600000US78264,78264,ZCTA5 78264,17268,1845
8600000US78266,78266,ZCTA5 78266,46042,5194
8600000US78330,78330,ZCTA5 78330,20496,3703
8600000US78332,78332,ZCTA5 78332,22260,2575
8600000US78335,78335,ZCTA5 78335,-,**
8600000US78336,78336,ZCTA5 78336,25393,3556
8600000US78338,78338,ZCTA5 78338,10857,8853
8600000US78339,78339,ZCTA5 78339,20534,5296
8600000US78340,78340,ZCTA5 78340,25854,5757
8600000US78341,78341,ZCTA5 78341,21335,6273
8600000US78342,78342,ZCTA5 78342,21261,10565
8600000US78343,78343,ZCTA5 78343,20483,1905
8600000US78344,78344,ZCTA5 78344,37614,19195
8600000US78349,78349,ZCTA5 78349,16337,4589
8600000US78351,78351,ZCTA5 78351,12380,3374
8600000US78352,78352,ZCTA5 78352,12092,4197
8600000US78353,78353,ZCTA5 78353,21761,7258
8600000US78355,78355,ZCTA5 78355,14608,2024
8600000US78357,78357,ZCTA5 78357,20494,2680
8600000US78358,78358,ZCTA5 78358,20241,4079
8600000US78359,78359,ZCTA5 78359,20608,2497
8600000US78361,78361,ZCTA5 78361,17325,2221
8600000US78362,78362,ZCTA5 78362,24905,2442
8600000US78363,78363,ZCTA5 78363,19280,960
8600000US78368,78368,ZCTA5 78368,19650,1463
8600000US78369,78369,ZCTA5 78369,11572,6750
8600000US78370,78370,ZCTA5 78370,21474,2337
8600000US78371,78371,ZCTA5 78371,16942,5879
8600000US78372,78372,ZCTA5 78372,18687,2599
8600000US78373,78373,ZCTA5 78373,38161,7124
8600000US78374,78374,ZCTA5 78374,29507,2021
8600000US78375,78375,ZCTA5 78375,16546,3375
8600000US78376,78376,ZCTA5 78376,22847,13809
8600000US78377,78377,ZCTA5 78377,23861,3678
8600000US78379,78379,ZCTA5 78379,28617,7054
8600000US78380,78380,ZCTA5 78380,20784,2154
8600000US78382,78382,ZCTA5 78382,29776,3040
8600000US78383,78383,ZCTA5 78383,30500,6186
8600000US78384,78384,ZCTA5 78384,17158,3187
8600000US78385,78385,ZCTA5 78385,13062,4846
8600000US78387,78387,ZCTA5 78387,20998,2053
8600000US78389,78389,ZCTA5 78389,18826,3284
8600000US78390,78390,ZCTA5 78390,20536,2457
8600000US78391,78391,ZCTA5 78391,20361,4542
8600000US78393,78393,ZCTA5 78393,27642,3924
8600000US78401,78401,ZCTA5 78401,20311,6275
8600000US78402,78402,ZCTA5 78402,44267,13216
8600000US78404,78404,ZCTA5 78404,24337,2195
8600000US78405,78405,ZCTA5 78405,14164,1435
8600000US78406,78406,ZCTA5 78406,16728,3973
8600000US78407,78407,ZCTA5 78407,18320,3172
8600000US78408,78408,ZCTA5 78408,15828,1428
8600000US78409,78409,ZCTA5 78409,20628,2447
8600000US78410,78410,ZCTA5 78410,32600,4010
8600000US78411,78411,ZCTA5 78411,26497,1864
8600000US78412,78412,ZCTA5 78412,23552,1174
8600000US78413,78413,ZCTA5 78413,34007,1587
8600000US78414,78414,ZCTA5 78414,35703,1423
8600000US78415,78415,ZCTA5 78415,18292,813
8600000US78416,78416,ZCTA5 78416,14243,873
8600000US78417,78417,ZCTA5 78417,17939,1932
8600000US78418,78418,ZCTA5 78418,33358,2452
8600000US78419,78419,ZCTA5 78419,19235,4621
8600000US78501,78501,ZCTA5 78501,16714,759
8600000US78503,78503,ZCTA5 78503,20057,2793
8600000US78504,78504,ZCTA5 78504,28046,1722
8600000US78516,78516,ZCTA5 78516,12295,962
8600000US78520,78520,ZCTA5 78520,14684,836
8600000US78521,78521,ZCTA5 78521,11779,553
8600000US78526,78526,ZCTA5 78526,17963,1051
8600000US78535,78535,ZCTA5 78535,13411,4777
8600000US78536,78536,ZCTA5 78536,13811,3196
8600000US78537,78537,ZCTA5 78537,10878,903
8600000US78538,78538,ZCTA5 78538,11112,1683
8600000US78539,78539,ZCTA5 78539,23201,1404
8600000US78541,78541,ZCTA5 78541,14549,863
8600000US78542,78542,ZCTA5 78542,11575,669
8600000US78543,78543,ZCTA5 78543,10623,1247
8600000US78545,78545,ZCTA5 78545,7947,5599
8600000US78548,78548,ZCTA5 78548,13620,2846
8600000US78549,78549,ZCTA5 78549,9671,5132
8600000US78550,78550,ZCTA5 78550,16530,897
8600000US78552,78552,ZCTA5 78552,21084,1417
8600000US78557,78557,ZCTA5 78557,12273,1494
8600000US78558,78558,ZCTA5 78558,11712,2879
8600000US78559,78559,ZCTA5 78559,16972,1952
8600000US78560,78560,ZCTA5 78560,15378,2706
8600000US78561,78561,ZCTA5 78561,12180,2861
8600000US78562,78562,ZCTA5 78562,9797,1451
8600000US78563,78563,ZCTA5 78563,23552,10314
8600000US78564,78564,ZCTA5 78564,9850,2451
8600000US78565,78565,ZCTA5 78565,11927,6702
8600000US78566,78566,ZCTA5 78566,14559,1186
8600000US78567,78567,ZCTA5 78567,11709,3265
8600000US78569,78569,ZCTA5 78569,14408,1943
8600000US78570,78570,ZCTA5 78570,11073,930
8600000US78572,78572,ZCTA5 78572,17588,1203
8600000US78573,78573,ZCTA5 78573,14321,1519
8600000US78574,78574,ZCTA5 78574,12950,1117
8600000US78575,78575,ZCTA5 78575,22765,3988
8600000US78576,78576,ZCTA5 78576,9497,2373
8600000US78577,78577,ZCTA5 78577,13691,795
8600000US78578,78578,ZCTA5 78578,20336,2719
8600000US78579,78579,ZCTA5 78579,12931,2699
8600000US78580,78580,ZCTA5 78580,12022,1113
8600000US78582,78582,ZCTA5 78582,13537,1221
8600000US78583,78583,ZCTA5 78583,18434,2345
8600000US78584,78584,ZCTA5 78584,10532,927
8600000US78585,78585,ZCTA5 78585,10677,3608
8600000US78586,78586,ZCTA5 78586,12086,829
8600000US78588,78588,ZCTA5 78588,16290,5720
8600000US78589,78589,ZCTA5 78589,14333,1095
8600000US78590,78590,ZCTA5 78590,13802,4861
8600000US78591,78591,ZCTA5 78591,18888,6631
8600000US78592,78592,ZCTA5 78592,11261,2062
8600000US78593,78593,ZCTA5 78593,11959,1601
8600000US78594,78594,ZCTA5 78594,11205,2624
8600000US78595,78595,ZCTA5 78595,10435,1580
8600000US78596,78596,ZCTA5 78596,14922,851
8600000US78597,78597,ZCTA5 78597,42695,12732
8600000US78598,78598,ZCTA5 78598,29108,15766
8600000US78602,78602,ZCTA5 78602,25070,2453
8600000US78605,78605,ZCTA5 78605,25368,3337
8600000US78606,78606,ZCTA5 78606,30322,5430
8600000US78607,78607,ZCTA5 78607,25436,7718
8600000US78608,78608,ZCTA5 78608,31205,9695
8600000US78609,78609,ZCTA5 78609,33913,7283
8600000US78610,78610,ZCTA5 78610,30388,1530
8600000US78611,78611,ZCTA5 78611,25194,3075
8600000US78612,78612,ZCTA5 78612,26838,4869
8600000US78613,78613,ZCTA5 78613,35957,1323
8600000US78614,78614,ZCTA5 78614,38938,8494
8600000US78615,78615,ZCTA5 78615,31584,8057
8600000US78616,78616,ZCTA5 78616,21892,3262
8600000US78617,78617,ZCTA5 78617,16737,1319
8600000US78618,78618,ZCTA5 78618,38945,8474
8600000US78619,78619,ZCTA5 78619,49996,6828
8600000US78620,78620,ZCTA5 78620,43400,4322
8600000US78621,78621,ZCTA5 78621,24133,1700
8600000US78622,78622,ZCTA5 78622,30077,15186
8600000US78623,78623,ZCTA5 78623,27087,6132
8600000US78624,78624,ZCTA5 78624,31325,1809
8600000US78626,78626,ZCTA5 78626,25743,1801
8600000US78628,78628,ZCTA5 78628,40820,2220
8600000US78629,78629,ZCTA5 78629,23427,2222
8600000US78631,78631,ZCTA5 78631,28244,9415
8600000US78632,78632,ZCTA5 78632,25963,4694
8600000US78633,78633,ZCTA5 78633,42672,1982
8600000US78634,78634,ZCTA5 78634,27909,2475
8600000US78635,78635,ZCTA5 78635,28728,1148
8600000US78636,78636,ZCTA5 78636,31651,3985
8600000US78638,78638,ZCTA5 78638,26879,5471
8600000US78639,78639,ZCTA5 78639,27935,5397
8600000US78640,78640,ZCTA5 78640,23743,831
8600000US78641,78641,ZCTA5 78641,33138,1542
8600000US78642,78642,ZCTA5 78642,31329,3464
8600000US78643,78643,ZCTA5 78643,26415,2607
8600000US78644,78644,ZCTA5 78644,22443,1694
8600000US78645,78645,ZCTA5 78645,41585,5623
8600000US78648,78648,ZCTA5 78648,23267,3241
8600000US78650,78650,ZCTA5 78650,24967,3749
8600000US78652,78652,ZCTA5 78652,34131,4241
8600000US78653,78653,ZCTA5 78653,22020,1334
8600000US78654,78654,ZCTA5 78654,29561,2719
8600000US78655,78655,ZCTA5 78655,25810,3972
8600000US78656,78656,ZCTA5 78656,16521,3905
8600000US78657,78657,ZCTA5 78657,51721,8068
8600000US78659,78659,ZCTA5 78659,27688,6369
8600000US78660,78660,ZCTA5 78660,31515,1362
8600000US78661,78661,ZCTA5 78661,23621,7807
8600000US78662,78662,ZCTA5 78662,30798,7753
8600000US78663,78663,ZCTA5 78663,34928,11875
8600000US78664,78664,ZCTA5 78664,27792,1252
8600000US78665,78665,ZCTA5 78665,32534,1483
8600000US78666,78666,ZCTA5 78666,19747,1018
8600000US78669,78669,ZCTA5 78669,45923,4933
8600000US78670,78670,ZCTA5 78670,24918,9289
8600000US78671,78671,ZCTA5 78671,23146,6816
8600000US78672,78672,ZCTA5 78672,25806,5667
8600000US78675,78675,ZCTA5 78675,57226,57211
8600000US78676,78676,ZCTA5 78676,38763,3420
8600000US78677,78677,ZCTA5 78677,17341,10770
8600000US78681,78681,ZCTA5 78681,36096,1176
8600000US78701,78701,ZCTA5 78701,105058,16114
8600000US78702,78702,ZCTA5 78702,27624,1707
8600000US78703,78703,ZCTA5 78703,77733,6757
8600000US78704,78704,ZCTA5 78704,43496,2169
8600000US78705,78705,ZCTA5 78705,12075,1319
8600000US78712,78712,ZCTA5 78712,3748,1798
8600000US78717,78717,ZCTA5 78717,42516,2575
8600000US78719,78719,ZCTA5 78719,15407,2657
8600000US78721,78721,ZCTA5 78721,17626,1477
8600000US78722,78722,ZCTA5 78722,36416,3655
8600000US78723,78723,ZCTA5 78723,25830,1557
8600000US78724,78724,ZCTA5 78724,14134,1030
8600000US78725,78725,ZCTA5 78725,20509,2857
8600000US78726,78726,ZCTA5 78726,46664,4436
8600000US78727,78727,ZCTA5 78727,39524,1750
8600000US78728,78728,ZCTA5 78728,32392,1716
8600000US78729,78729,ZCTA5 78729,37322,2482
8600000US78730,78730,ZCTA5 78730,76750,10436
8600000US78731,78731,ZCTA5 78731,60889,3595
8600000US78732,78732,ZCTA5 78732,57823,8325
8600000US78733,78733,ZCTA5 78733,67169,7764
8600000US78734,78734,ZCTA5 78734,54496,4644
8600000US78735,78735,ZCTA5 78735,58451,5648
8600000US78736,78736,ZCTA5 78736,48586,5603
8600000US78737,78737,ZCTA5 78737,51417,3801
8600000US78738,78738,ZCTA5 78738,54881,3319
8600000US78739,78739,ZCTA5 78739,52042,3904
8600000US78741,78741,ZCTA5 78741,19878,1052
8600000US78742,78742,ZCTA5 78742,20119,3710
8600000US78744,78744,ZCTA5 78744,16730,880
8600000US78745,78745,ZCTA5 78745,30291,1202
8600000US78746,78746,ZCTA5 78746,82173,3512
8600000US78747,78747,ZCTA5 78747,27284,1893
8600000US78748,78748,ZCTA5 78748,33717,1427
8600000US78749,78749,ZCTA5 78749,42911,1833
8600000US78750,78750,ZCTA5 78750,44050,2691
8600000US78751,78751,ZCTA5 78751,39807,2973
8600000US78752,78752,ZCTA5 78752,21632,2485
8600000US78753,78753,ZCTA5 78753,20913,1160
8600000US78754,78754,ZCTA5 78754,28954,2956
8600000US78756,78756,ZCTA5 78756,51270,4808
8600000US78757,78757,ZCTA5 78757,41052,3026
8600000US78758,78758,ZCTA5 78758,26184,1175
8600000US78759,78759,ZCTA5 78759,50095,1988
8600000US78801,78801,ZCTA5 78801,17745,1108
8600000US78802,78802,ZCTA5 78802,19584,11980
8600000US78827,78827,ZCTA5 78827,13011,2640
8600000US78828,78828,ZCTA5 78828,20630,12310
8600000US78829,78829,ZCTA5 78829,8175,2546
8600000US78830,78830,ZCTA5 78830,17170,5501
8600000US78832,78832,ZCTA5 78832,17818,2913
8600000US78833,78833,ZCTA5 78833,17814,4681
8600000US78834,78834,ZCTA5 78834,20835,3607
8600000US78836,78836,ZCTA5 78836,13810,6888
8600000US78837,78837,ZCTA5 78837,20867,7745
8600000US78838,78838,ZCTA5 78838,24674,8173
8600000US78839,78839,ZCTA5 78839,13179,1708
8600000US78840,78840,ZCTA5 78840,19490,1304
8600000US78843,78843,ZCTA5 78843,22535,3184
8600000US78850,78850,ZCTA5 78850,31182,13263
8600000US78851,78851,ZCTA5 78851,21523,12713
8600000US78852,78852,ZCTA5 78852,15905,836
8600000US78860,78860,ZCTA5 78860,31822,45458
8600000US78861,78861,ZCTA5 78861,20421,2028
8600000US78870,78870,ZCTA5 78870,18154,3822
8600000US78872,78872,ZCTA5 78872,18175,4918
8600000US78873,78873,ZCTA5 78873,21344,2724
8600000US78877,78877,ZCTA5 78877,22064,6752
8600000US78879,78879,ZCTA5 78879,27758,8159
8600000US78880,78880,ZCTA5 78880,28503,12300
8600000US78881,78881,ZCTA5 78881,19115,6196
8600000US78883,78883,ZCTA5 78883,42051,23010
8600000US78884,78884,ZCTA5 78884,29128,8799
8600000US78885,78885,ZCTA5 78885,46216,8977
8600000US78886,78886,ZCTA5 78886,35343,11642
8600000US78931,78931,ZCTA5 78931,39569,11112
8600000US78932,78932,ZCTA5 78932,32469,7262
8600000US78933,78933,ZCTA5 78933,32137,5453
8600000US78934,78934,ZCTA5 78934,22976,2630
8600000US78935,78935,ZCTA5 78935,22216,6268
8600000US78938,78938,ZCTA5 78938,20553,4000
8600000US78940,78940,ZCTA5 78940,28933,4239
8600000US78941,78941,ZCTA5 78941,25543,5623
8600000US78942,78942,ZCTA5 78942,22726,2149
8600000US78943,78943,ZCTA5 78943,56621,29518
8600000US78944,78944,ZCTA5 78944,30122,7062
8600000US78945,78945,ZCTA5 78945,27429,2542
8600000US78946,78946,ZCTA5 78946,35336,13850
8600000US78947,78947,ZCTA5 78947,29103,4769
8600000US78948,78948,ZCTA5 78948,35883,22618
8600000US78949,78949,ZCTA5 78949,24188,6215
8600000US78950,78950,ZCTA5 78950,27207,9562
8600000US78951,78951,ZCTA5 78951,-,**
8600000US78953,78953,ZCTA5 78953,34023,7778
8600000US78954,78954,ZCTA5 78954,37318,6270
8600000US78956,78956,ZCTA5 78956,26910,5352
8600000US78957,78957,ZCTA5 78957,27878,5417
8600000US78959,78959,ZCTA5 78959,24644,4868
8600000US78962,78962,ZCTA5 78962,36816,7522
8600000US78963,78963,ZCTA5 78963,21655,4651
8600000US79001,79001,ZCTA5 79001,45497,16158
8600000US79003,79003,ZCTA5 79003,28883,9647
8600000US79005,79005,ZCTA5 79005,30009,4653
8600000US79007,79007,ZCTA5 79007,24277,1563
8600000US79009,79009,ZCTA5 79009,17142,3014
8600000US79010,79010,ZCTA5 79010,16389,9900
8600000US79011,79011,ZCTA5 79011,46826,11982
8600000US79012,79012,ZCTA5 79012,38641,11291
8600000US79013,79013,ZCTA5 79013,12720,1492
8600000US79014,79014,ZCTA5 79014,28567,2753
8600000US79015,79015,ZCTA5 79015,27328,1786
8600000US79016,79016,ZCTA5 79016,4018,1381
8600000US79018,79018,ZCTA5 79018,23531,6832
8600000US79019,79019,ZCTA5 79019,28162,2824
8600000US79021,79021,ZCTA5 79021,18258,7068
8600000US79022,79022,ZCTA5 79022,20366,1501
8600000US79024,79024,ZCTA5 79024,30872,4147
8600000US79025,79025,ZCTA5 79025,19583,8733
8600000US79027,79027,ZCTA5 79027,21091,6530
8600000US79029,79029,ZCTA5 79029,21195,1295
8600000US79031,79031,ZCTA5 79031,20469,2624
8600000US79032,79032,ZCTA5 79032,21283,6208
8600000US79033,79033,ZCTA5 79033,69968,50488
8600000US79034,79034,ZCTA5 79034,28951,6127
8600000US79035,79035,ZCTA5 79035,22339,2477
8600000US79036,79036,ZCTA5 79036,25578,2640
8600000US79039,79039,ZCTA5 79039,31125,4628
8600000US79040,79040,ZCTA5 79040,24916,5219
8600000US79041,79041,ZCTA5 79041,18716,2110
8600000US79042,79042,ZCTA5 79042,21254,3343
8600000US79043,79043,ZCTA5 79043,20934,4861
8600000US79044,79044,ZCTA5 79044,16684,2528
8600000US79045,79045,ZCTA5 79045,19525,989
8600000US79046,79046,ZCTA5 79046,23586,3565
8600000US79052,79052,ZCTA5 79052,25038,5001
8600000US79053,79053,ZCTA5 79053,21236,7109
8600000US79054,79054,ZCTA5 79054,25022,4360
8600000US79056,79056,ZCTA5 79056,51317,26288
8600000US79057,79057,ZCTA5 79057,21908,4069
8600000US79058,79058,ZCTA5 79058,-,**
8600000US79059,79059,ZCTA5 79059,30974,5189
8600000US79061,79061,ZCTA5 79061,20407,3414
8600000US79062,79062,ZCTA5 79062,34696,9607
8600000US79063,79063,ZCTA5 79063,26236,4489
8600000US79064,79064,ZCTA5 79064,20847,3670
8600000US79065,79065,ZCTA5 79065,22459,1218
8600000US79068,79068,ZCTA5 79068,28289,2890
8600000US79070,79070,ZCTA5 79070,24547,2337
8600000US79072,79072,ZCTA5 79072,18400,955
8600000US79078,79078,ZCTA5 79078,35573,14930
8600000US79079,79079,ZCTA5 79079,28400,3237
8600000US79080,79080,ZCTA5 79080,26179,4343
8600000US79081,79081,ZCTA5 79081,22525,2757
8600000US79082,79082,ZCTA5 79082,16502,5051
8600000US79083,79083,ZCTA5 79083,28585,5134
8600000US79084,79084,ZCTA5 79084,22306,2204
8600000US79085,79085,ZCTA5 79085,21579,10886
8600000US79086,79086,ZCTA5 79086,24292,3114
8600000US79087,79087,ZCTA5 79087,25548,4334
8600000US79088,79088,ZCTA5 79088,17690,2444
8600000US79091,79091,ZCTA5 79091,23887,8199
8600000US79092,79092,ZCTA5 79092,27483,4919
8600000US79093,79093,ZCTA5 79093,19768,8953
8600000US79094,79094,ZCTA5 79094,32011,7336
8600000US79095,79095,ZCTA5 79095,20396,2016
8600000US79096,79096,ZCTA5 79096,25163,2924
8600000US79097,79097,ZCTA5 79097,32008,4504
8600000US79098,79098,ZCTA5 79098,29385,7509
8600000US79101,79101,ZCTA5 79101,20300,3152
8600000US79102,79102,ZCTA5 79102,21376,1865
8600000US79103,79103,ZCTA5 79103,18573,1150
8600000US79104,79104,ZCTA5 79104,15039,3701
8600000US79105,79105,ZCTA5 79105,-,**
8600000US79106,79106,ZCTA5 79106,23850,1078
8600000US79107,79107,ZCTA5 79107,14266,747
8600000US79108,79108,ZCTA5 79108,17821,3076
8600000US79109,79109,ZCTA5 79109,32606,1721
8600000US79110,79110,ZCTA5 79110,25201,1533
8600000US79111,79111,ZCTA5 79111,17537,2248
8600000US79118,79118,ZCTA5 79118,28343,1665
8600000US79119,79119,ZCTA5 79119,43697,3754
8600000US79121,79121,ZCTA5 79121,42101,4727
8600000US79124,79124,ZCTA5 79124,46655,4600
8600000US79201,79201,ZCTA5 79201,18843,2929
8600000US79220,79220,ZCTA5 79220,21486,5660
8600000US79225,79225,ZCTA5 79225,22807,4251
8600000US79226,79226,ZCTA5 79226,23200,2522
8600000US79227,79227,ZCTA5 79227,23509,3388
8600000US79229,79229,ZCTA5 79229,24939,3559
8600000US79230,79230,ZCTA5 79230,20113,8099
8600000US79233,79233,ZCTA5 79233,26792,11059
8600000US79234,79234,ZCTA5 79234,24343,15536
8600000US79235,79235,ZCTA5 79235,21669,2460
8600000US79236,79236,ZCTA5 79236,31138,7360
8600000US79237,79237,ZCTA5 79237,17799,3220
8600000US79239,79239,ZCTA5 79239,19207,6914
8600000US79240,79240,ZCTA5 79240,-,**
8600000US79241,79241,ZCTA5 79241,25890,3952
8600000US79243,79243,ZCTA5 79243,22920,10781
8600000US79244,79244,ZCTA5 79244,23670,4150
8600000US79245,79245,ZCTA5 79245,17105,3707
8600000US79247,79247,ZCTA5 79247,19331,3052
8600000US79248,79248,ZCTA5 79248,19168,3282
8600000US79250,79250,ZCTA5 79250,24282,3657
8600000US79251,79251,ZCTA5 79251,20508,15559
8600000US79252,79252,ZCTA5 79252,18898,1944
8600000US79255,79255,ZCTA5 79255,20268,4137
8600000US79256,79256,ZCTA5 79256,21868,4684
8600000US79257,79257,ZCTA5 79257,26024,3291
8600000US79259,79259,ZCTA5 79259,13181,15074
8600000US79261,79261,ZCTA5 79261,25898,7395
8600000US79311,79311,ZCTA5 79311,21658,2321
8600000US79312,79312,ZCTA5 79312,21335,3251
8600000US79313,79313,ZCTA5 79313,20318,3274
8600000US79314,79314,ZCTA5 79314,21015,9133
8600000US79316,79316,ZCTA5 79316,21781,4648
8600000US79322,79322,ZCTA5 79322,21248,2775
8600000US79323,79323,ZCTA5 79323,22703,2481
8600000US79324,79324,ZCTA5 79324,20094,17134
8600000US79325,79325,ZCTA5 79325,22666,2507
8600000US79326,79326,ZCTA5 79326,90559,41916
8600000US79329,79329,ZCTA5 79329,32579,6411
8600000US79330,79330,ZCTA5 79330,53086,45888
8600000US79331,79331,ZCTA5 79331,21185,2316
8600000US79336,79336,ZCTA5 79336,23086,1155
8600000US79339,79339,ZCTA5 79339,19368,1775
8600000US79342,79342,ZCTA5 79342,27813,3908
8600000US79343,79343,ZCTA5 79343,20846,3336
8600000US79344,79344,ZCTA5 79344,8225,15085
8600000US79345,79345,ZCTA5 79345,22078,5093
8600000US79346,79346,ZCTA5 79346,19477,2427
8600000US79347,79347,ZCTA5 79347,18735,3127
8600000US79350,79350,ZCTA5 79350,15907,4503
8600000US79351,79351,ZCTA5 79351,20894,4749
8600000US79353,79353,ZCTA5 79353,11520,14769
8600000US79355,79355,ZCTA5 79355,24847,5014
8600000US79356,79356,ZCTA5 79356,17467,2981
8600000US79357,79357,ZCTA5 79357,17891,2355
8600000US79358,79358,ZCTA5 79358,26237,4217
8600000US79359,79359,ZCTA5 79359,16677,2883
8600000US79360,79360,ZCTA5 79360,23712,3412
8600000US79363,79363,ZCTA5 79363,26796,2319
8600000US79364,79364,ZCTA5 79364,24929,3069
8600000US79366,79366,ZCTA5 79366,62773,16747
8600000US79367,79367,ZCTA5 79367,15642,2427
8600000US79369,79369,ZCTA5 79369,20756,11196
8600000US79370,79370,ZCTA5 79370,21853,3836
8600000US79371,79371,ZCTA5 79371,24243,5138
8600000US79372,79372,ZCTA5 79372,26384,3979
8600000US79373,79373,ZCTA5 79373,26543,3432
8600000US79376,79376,ZCTA5 79376,40143,26106
8600000US79377,79377,ZCTA5 79377,23675,4641
8600000US79378,79378,ZCTA5 79378,28331,5694
8600000US79379,79379,ZCTA5 79379,23216,5528
8600000US79380,79380,ZCTA5 79380,17844,4111
8600000US79381,79381,ZCTA5 79381,21472,2433
8600000US79382,79382,ZCTA5 79382,29090,2977
8600000US79401,79401,ZCTA5 79401,11582,1336
8600000US79403,79403,ZCTA5 79403,15813,1046
8600000US79404,79404,ZCTA5 79404,13490,1156
8600000US79406,79406,ZCTA5 79406,3197,316
8600000US79407,79407,ZCTA5 79407,29506,2969
8600000US79410,79410,ZCTA5 79410,22821,3498
8600000US79411,79411,ZCTA5 79411,16702,2122
8600000US79412,79412,ZCTA5 79412,14815,1382
8600000US79413,79413,ZCTA5 79413,26474,2135
8600000US79414,79414,ZCTA5 79414,19980,1046
8600000US79415,79415,ZCTA5 79415,15841,1128
8600000US79416,79416,ZCTA5 79416,25074,1500
8600000US79423,79423,ZCTA5 79423,30330,1344
8600000US79424,79424,ZCTA5 79424,39876,1463
8600000US79501,79501,ZCTA5 79501,26595,5294
8600000US79502,79502,ZCTA5 79502,23269,4292
8600000US79503,79503,ZCTA5 79503,31572,13597
8600000US79504,79504,ZCTA5 79504,23610,3059
8600000US79505,79505,ZCTA5 79505,19591,4991
8600000US79506,79506,ZCTA5 79506,44979,20688
8600000US79508,79508,ZCTA5 79508,49404,25542
8600000US79510,79510,ZCTA5 79510,22706,2893
8600000US79511,79511,ZCTA5 79511,37543,7937
8600000US79512,79512,ZCTA5 79512,17753,2144
8600000US79517,79517,ZCTA5 79517,45558,29065
8600000US79518,79518,ZCTA5 79518,57455,37813
8600000US79519,79519,ZCTA5 79519,65189,42922
8600000US79520,79520,ZCTA5 79520,21569,3592
8600000US79521,79521,ZCTA5 79521,19365,2446
8600000US79525,79525,ZCTA5 79525,20175,2688
8600000US79526,79526,ZCTA5 79526,28662,5552
8600000US79527,79527,ZCTA5 79527,26786,9918
8600000US79528,79528,ZCTA5 79528,24901,4407
8600000US79529,79529,ZCTA5 79529,20527,2533
8600000US79530,79530,ZCTA5 79530,29317,5760
8600000US79532,79532,ZCTA5 79532,31205,8860
8600000US79533,79533,ZCTA5 79533,22674,4084
8600000US79534,79534,ZCTA5 79534,16350,6073
8600000US79535,79535,ZCTA5 79535,38214,31260
8600000US79536,79536,ZCTA5 79536,27883,3563
8600000US79537,79537,ZCTA5 79537,37763,21310
8600000US79538,79538,ZCTA5 79538,27707,8355
8600000US79539,79539,ZCTA5 79539,17961,7271
8600000US79540,79540,ZCTA5 79540,27995,12605
8600000US79541,79541,ZCTA5 79541,40678,24718
8600000US79543,79543,ZCTA5 79543,22403,2701
8600000US79544,79544,ZCTA5 79544,34774,10914
8600000US79545,79545,ZCTA5 79545,27649,4180
8600000US79546,79546,ZCTA5 79546,25491,6584
8600000US79547,79547,ZCTA5 79547,20292,4141
8600000US79548,79548,ZCTA5 79548,28295,6714
8600000US79549,79549,ZCTA5 79549,23440,1632
8600000US79553,79553,ZCTA5 79553,23316,4269
8600000US79556,79556,ZCTA5 79556,21236,1928
8600000US79560,79560,ZCTA5 79560,115121,111567
8600000US79561,79561,ZCTA5 79561,23272,3402
8600000US79562,79562,ZCTA5 79562,36867,8052
8600000US79563,79563,ZCTA5 79563,17283,2356
8600000US79565,79565,ZCTA5 79565,34822,10197
8600000US79566,79566,ZCTA5 79566,36320,11761
8600000US79567,79567,ZCTA5 79567,21606,2654
8600000US79601,79601,ZCTA5 79601,15338,1156
8600000US79602,79602,ZCTA5 79602,26509,1807
8600000US79603,79603,ZCTA5 79603,18254,1452
8600000US79605,79605,ZCTA5 79605,23606,1517
8600000US79606,79606,ZCTA5 79606,30607,1933
8600000US79607,79607,ZCTA5 79607,15273,1471
8600000US79699,79699,ZCTA5 79699,4386,2862
8600000US79701,79701,ZCTA5 79701,23947,1424
8600000US79703,79703,ZCTA5 79703,28107,1791
8600000US79705,79705,ZCTA5 79705,40990,2926
8600000US79706,79706,ZCTA5 79706,31829,3651
8600000US79707,79707,ZCTA5 79707,49458,3969
8600000US79713,79713,ZCTA5 79713,28958,8197
8600000US79714,79714,ZCTA5 79714,29240,2893
8600000US79718,79718,ZCTA5 79718,18671,3734
8600000US79719,79719,ZCTA5 79719,17865,3655
8600000US79720,79720,ZCTA5 79720,22681,1135
8600000US79730,79730,ZCTA5 79730,21829,8866
8600000US79731,79731,ZCTA5 79731,25572,3195
8600000US79733,79733,ZCTA5 79733,19814,7730
8600000US79734,79734,ZCTA5 79734,26457,4052
8600000US79735,79735,ZCTA5 79735,18902,1647
8600000US79738,79738,ZCTA5 79738,43806,27782
8600000US79739,79739,ZCTA5 79739,32544,6543
8600000US79741,79741,ZCTA5 79741,32780,10518
8600000US79742,79742,ZCTA5 79742,18492,3609
8600000US79743,79743,ZCTA5 79743,26889,6532
8600000US79744,79744,ZCTA5 79744,27323,4167
8600000US79745,79745,ZCTA5 79745,22079,1723
8600000US79748,79748,ZCTA5 79748,23625,12707
8600000US79749,79749,ZCTA5 79749,35476,10227
8600000US79752,79752,ZCTA5 79752,21508,2644
8600000US79754,79754,ZCTA5 79754,31232,9223
8600000US79755,79755,ZCTA5 79755,22542,6823
8600000US79756,79756,ZCTA5 79756,27197,2729
8600000US79758,79758,ZCTA5 79758,32715,6918
8600000US79761,79761,ZCTA5 79761,26936,2301
8600000US79762,79762,ZCTA5 79762,32110,2380
8600000US79763,79763,ZCTA5 79763,22069,1283
8600000US79764,79764,ZCTA5 79764,23621,2150
8600000US79765,79765,ZCTA5 79765,42050,4582
8600000US79766,79766,ZCTA5 79766,25143,3689
8600000US79772,79772,ZCTA5 79772,18499,2316
8600000US79777,79777,ZCTA5 79777,24110,10171
8600000US79778,79778,ZCTA5 79778,32328,7592
8600000US79780,79780,ZCTA5 79780,12920,4805
8600000US79781,79781,ZCTA5 79781,18169,6315
8600000US79782,79782,ZCTA5 79782,25659,3844
8600000US79783,79783,ZCTA5 79783,38609,16103
8600000US79785,79785,ZCTA5 79785,17091,11293
8600000US79788,79788,ZCTA5 79788,24607,5225
8600000US79789,79789,ZCTA5 79789,28225,4367
8600000US79821,79821,ZCTA5 79821,13414,1661
8600000US79830,79830,ZCTA5 79830,26117,2754
8600000US79831,79831,ZCTA5 79831,138609,154604
8600000US79834,79834,ZCTA5 79834,28042,6895
8600000US79835,79835,ZCTA5 79835,12529,1175
8600000US79836,79836,ZCTA5 79836,14657,1428
8600000US79837,79837,ZCTA5 79837,27074,22601
8600000US79838,79838,ZCTA5 79838,9967,1023
8600000US79839,79839,ZCTA5 79839,11640,2486
8600000US79842,79842,ZCTA5 79842,32674,8523
8600000US79843,79843,ZCTA5 79843,22024,3437
8600000US79845,79845,ZCTA5 79845,13739,1928
8600000US79847,79847,ZCTA5 79847,52671,14024
8600000US79848,79848,ZCTA5 79848,24973,4722
8600000US79849,79849,ZCTA5 79849,9701,936
8600000US79851,79851,ZCTA5 79851,12467,6544
8600000US79852,79852,ZCTA5 79852,19853,3671
8600000US79853,79853,ZCTA5 79853,9714,1146
8600000US79854,79854,ZCTA5 79854,32006,9178
8600000US79855,79855,ZCTA5 79855,18684,2948
8600000US79901,79901,ZCTA5 79901,9612,1592
8600000US79902,79902,ZCTA5 79902,23343,2151
8600000US79903,79903,ZCTA5 79903,15544,1047
8600000US79904,79904,ZCTA5 79904,15075,775
8600000US79905,79905,ZCTA5 79905,11990,905
8600000US79906,79906,ZCTA5 79906,15806,1156
8600000US79907,79907,ZCTA5 79907,12732,572
8600000US79908,79908,ZCTA5 79908,21563,1916
8600000US79911,79911,ZCTA5 79911,37409,8268
8600000US79912,79912,ZCTA5 79912,30158,1309
8600000US79915,79915,ZCTA5 79915,15611,1461
8600000US79916,79916,ZCTA5 79916,25890,1532
8600000US79920,79920,ZCTA5 79920,22822,1798
8600000US79922,79922,ZCTA5 79922,36339,5095
8600000US79924,79924,ZCTA5 79924,17416,570
8600000US79925,79925,ZCTA5 79925,22091,1320
8600000US79927,79927,ZCTA5 79927,12222,593
8600000US79928,79928,ZCTA5 79928,15869,798
8600000US79930,79930,ZCTA5 79930,17135,1624
8600000US79932,79932,ZCTA5 79932,25192,1918
8600000US79934,79934,ZCTA5 79934,24761,1645
8600000US79935,79935,ZCTA5 79935,21342,1663
8600000US79936,79936,ZCTA5 79936,22053,1046
8600000US79938,79938,ZCTA5 79938,18494,805
8600000US88063,88063,ZCTA5 88063,9847,834
8600000US88081,88081,ZCTA5 88081,13871,5631
8600000US88220,88220,ZCTA5 88220,26864,1292
8600000US88260,88260,ZCTA5 88260,22689,2187
8600000US88263,88263,ZCTA5 88263,35627,29637
8600000US88410,88410,ZCTA5 88410,15596,7040
8600000US88415,88415,ZCTA5 88415,20226,3342
8600000US88430,88430,ZCTA5 88430,48510,15578
